seed,idx,flight_id,gates_passed,finished,aborted,abort_reason,stale_imu,duration_s,lap_time_s,gate_clips,env_hits,overrun_frac,score,best_so_far,param_hash,log_dir,param.planner.align.max_dz_m,param.planner.commit.abort_min_dist_m,param.planner.approach.reacquire_max_m,param.control.att_rate.vel_p,param.control.att_rate.vel_i,param.control.att_rate.vz_p,param.control.att_rate.vz_i,param.control.att_rate.tilt_max_rad,param.control.att_rate.hover_thrust
20260719,1,20260719T120001-892c1d61,0,False,True,environment collision (impulse=2.7),False,5.812999999994645,,0,1,0.7460992907801418,-220.58129999999946,-220.58129999999946,892c1d6167af0d5ad8393c78bdfb0a0a83e8ae9ea204ebd0e1eb1af3dd21bdf0,C:\Users\tsion\Projects\eni_dcim_qa\tuning\runtime-logs\framefix-78c8461-20260719T115958Z\seed-20260719\20260719T120001-892c1d61,0.5093572516066383,1.0356214236127432,8.456510540878048,0.22839904008063325,0.13359511919049022,0.5945534487242259,0.3618220185007974,0.28126518670071343,0.4787567856142822
20260719,2,20260719T120010-5ca56536,0,False,True,environment collision (impulse=8.6),False,15.687000000005355,,0,1,0.7456254896839906,-221.56870000000055,-220.58129999999946,5ca565366d37f6ad67b28636a5afabe619ec81eb86a51ab2002e494053773d86,C:\Users\tsion\Projects\eni_dcim_qa\tuning\runtime-logs\framefix-78c8461-20260719T115958Z\seed-20260719\20260719T120010-5ca56536,0.5601217849523332,1.0339663945433581,9.015894085951661,0.2860254634168979,0.17658811909416078,0.9649543614321379,0.541233631773364,0.338458895878625,0.41882424615475833
20260719,3,20260719T120028-bbf3527e,0,False,True,environment collision (impulse=2.0),False,5.9539999999979045,,0,1,0.7449118046132972,-220.59539999999978,-220.58129999999946,bbf3527ed21c6c2bda4c8a46da2ca720aa734c54261cbf7a53ea3059aa85e13b,C:\Users\tsion\Projects\eni_dcim_qa\tuning\runtime-logs\framefix-78c8461-20260719T115958Z\seed-20260719\20260719T120028-bbf3527e,0.6028238701067324,1.0760680047781794,6.7770685095981325,0.2682257514144294,0.14638515388458953,0.7078749487223756,0.6310777409878197,0.49409716038516804,0.610118532981617
20260719,4,20260719T120037-2fcf8b2c,0,False,True,environment collision (impulse=1.9),False,4.187999999994645,,0,1,0.7435406698564593,-220.41879999999946,-220.41879999999946,2fcf8b2c6f9ba72ca2c86494f956d5766d5b65e649352ca976a6d6cd03c286e5,C:\Users\tsion\Projects\eni_dcim_qa\tuning\runtime-logs\framefix-78c8461-20260719T115958Z\seed-20260719\20260719T120037-2fcf8b2c,0.3672379394590685,1.2643824734645601,12.0,0.4468096107792605,0.2651929539618013,0.846624116611433,0.42509910611275403,0.43343000018284017,0.5578334030323214
20260719,5,20260719T120044-a3d0c31c,0,False,True,max duration,False,45.01500000001397,,0,1,0.7448460508701472,-224.50150000000139,-220.41879999999946,a3d0c31cbd467294bab7f3455dc6ca21a56f0cbb2de2444288eccc62d61cbc73,C:\Users\tsion\Projects\eni_dcim_qa\tuning\runtime-logs\framefix-78c8461-20260719T115958Z\seed-20260719\20260719T120044-a3d0c31c,0.34494626473333306,1.0344125466479388,8.305263959418179,0.5313913418898322,0.1393266557930803,0.9386352084338221,0.31285996532351695,0.5140822652403007,0.49382130268410757
20260719,6,20260719T120132-4e5f7579,0,False,True,environment collision (impulse=2.1),False,7.76600000000326,,0,1,0.7460401267159451,-220.77660000000031,-220.41879999999946,4e5f7579e14885b0ed4b68c0727705d3b8f59eca7c90daa8dc9faa05f017e218,C:\Users\tsion\Projects\eni_dcim_qa\tuning\runtime-logs\framefix-78c8461-20260719T115958Z\seed-20260719\20260719T120132-4e5f7579,0.5330211169066026,1.0944094961838173,9.73695135689058,0.2505419257064435,0.07265269735187724,0.5349032710516395,0.5187005920791168,0.43279531785187325,0.37731854300956297
20260719,7,20260719T120142-123901fa,0,False,True,environment collision (impulse=2.6),False,9.0,,0,2,0.7468719923002888,-240.9,-220.41879999999946,123901fa52ef8fab0ea43d233dc401fdd8024a817cc37549fb33f78f5ade677d,C:\Users\tsion\Projects\eni_dcim_qa\tuning\runtime-logs\framefix-78c8461-20260719T115958Z\seed-20260719\20260719T120142-123901fa,0.6370973989085004,1.103631418254874,10.856109583095622,0.46313167225789204,0.12733830798510648,0.9932168940405641,0.46299546127016494,0.3965598282001568,0.5728904240240464
20260719,8,20260719T120153-ea267016,0,False,True,environment collision (impulse=2.1),False,14.98399999999674,,0,1,0.7457253171538886,-221.49839999999966,-220.41879999999946,ea26701643d3650f4836abc568db244e6ac3a77a041cb8917d7e7a1f52a2e203,C:\Users\tsion\Projects\eni_dcim_qa\tuning\runtime-logs\framefix-78c8461-20260719T115958Z\seed-20260719\20260719T120153-ea267016,0.3,1.1808523063825973,7.185135899712382,0.4841640941840889,0.12372759668064613,0.8651351773429901,0.4246568421579075,0.2561900824030287,0.35
20260719,9,20260719T120211-dac9926d,0,False,True,environment collision (impulse=6.0),False,18.264999999984866,,0,1,0.7466388502549838,-221.82649999999848,-220.41879999999946,dac9926d27fe826eb11540f95310813018617a183efbca927653724027f2c919,C:\Users\tsion\Projects\eni_dcim_qa\tuning\runtime-logs\framefix-78c8461-20260719T115958Z\seed-20260719\20260719T120211-dac9926d,0.41240075404084664,1.1100727914757786,9.380811799097708,0.4627716700704979,0.19666605010952934,0.6739862185825708,0.4596091010291796,0.4994150735707187,0.4586444481143817
20260719,10,20260719T120232-f5367b7d,0,False,True,environment collision (impulse=1.3),False,6.092999999993481,,0,1,0.7440597420230821,-220.60929999999934,-220.41879999999946,f5367b7d50d5bdba79f9d553930c05b4a65259fe07db7ead42c74532a94b0cc3,C:\Users\tsion\Projects\eni_dcim_qa\tuning\runtime-logs\framefix-78c8461-20260719T115958Z\seed-20260719\20260719T120232-f5367b7d,0.36641802821312186,1.3262162878507926,9.709495316898192,0.314700767854159,0.20978700575680886,0.6706457101216269,0.43195337253183463,0.3962905384722307,0.4983920459962179
20260719,11,20260719T120241-203d82ca,2,True,False,,False,11.625,10.515999999999991,0,0,0.7445438282647585,189.484,189.484,203d82ca193800bd04a16630a6c2aec99306c862f8f02c381fcf8975d7422395,C:\Users\tsion\Projects\eni_dcim_qa\tuning\runtime-logs\framefix-78c8461-20260719T115958Z\seed-20260719\20260719T120241-203d82ca,0.362046374486566,1.2128510597530548,12.0,0.3851484587233263,0.3,0.6488330126616222,0.37196477372065484,0.49944947002516443,0.5258991716951618
20260719,12,20260719T120255-c2d7b938,0,False,True,environment collision (impulse=2.5),False,4.0939999999827705,,0,1,0.7448680351906158,-220.40939999999827,189.484,c2d7b9386e95b837448c57cf55a1353f67dc7ea5e10c0da755803906c38bd1ed,C:\Users\tsion\Projects\eni_dcim_qa\tuning\runtime-logs\framefix-78c8461-20260719T115958Z\seed-20260719\20260719T120255-c2d7b938,0.37462011248609817,1.0749574244036857,11.843063327104018,0.39466427307837404,0.3,0.5630176696891225,0.36219233851225535,0.21428832409688037,0.548137092108367
20260719,13,20260719T120302-d5f6e15d,0,False,True,environment collision (impulse=2.0),False,5.48399999999674,,0,1,0.7448830409356725,-220.54839999999967,189.484,d5f6e15d2b78a763ac5dc766a45320c63aa6742d7d98bec3c22e61ce31d5b4b8,C:\Users\tsion\Projects\eni_dcim_qa\tuning\runtime-logs\framefix-78c8461-20260719T115958Z\seed-20260719\20260719T120302-d5f6e15d,0.4245075821462534,1.0805422034092504,11.041867334103024,0.23841675858149203,0.2024199705242025,0.8094022139721627,0.3961967029876819,0.3235887118582273,0.5114520748968641
20260719,14,20260719T120310-2f9adea7,0,False,True,environment collision (impulse=9.0),False,17.46799999999348,,0,1,0.7454417952314165,-221.74679999999935,189.484,2f9adea7bd96b248d40f3b48cf9909cbb07f538eb91b16241504a085468878ac,C:\Users\tsion\Projects\eni_dcim_qa\tuning\runtime-logs\framefix-78c8461-20260719T115958Z\seed-20260719\20260719T120310-2f9adea7,0.5441403006322906,1.2447093150219402,11.161989403778794,0.3044467134876395,0.1491132209019795,0.6224038406562138,0.44042530585602907,0.300710695270184,0.5185219693672689
20260719,15,20260719T120330-732b0e5c,0,False,True,environment collision (impulse=3.6),False,12.26500000001397,,0,1,0.7458677685950413,-221.2265000000014,189.484,732b0e5c8038e5c1f8079de29947edcd68825571f77ff81880db55b9131d1415,C:\Users\tsion\Projects\eni_dcim_qa\tuning\runtime-logs\framefix-78c8461-20260719T115958Z\seed-20260719\20260719T120330-732b0e5c,0.47121357088838994,1.1217347186269935,9.002041813325679,0.270059772211034,0.19550250957423781,1.0960549112300086,0.38628180571318166,0.39672272044177653,0.533151107801555
20260719,16,20260719T120345-ed2508b3,0,False,True,environment collision (impulse=2.7),False,5.75,,0,1,0.7430801987224982,-220.575,189.484,ed2508b35d23647481592f5683225ce1bd9542f221fc5958e5f31bbeebc381f6,C:\Users\tsion\Projects\eni_dcim_qa\tuning\runtime-logs\framefix-78c8461-20260719T115958Z\seed-20260719\20260719T120345-ed2508b3,0.33365716876220425,1.1014512318148932,10.591276141336422,0.41257600186745624,0.18357360117340168,0.7505266977398427,0.488266714281074,0.3394469882191314,0.5218464212966119
20260719,17,20260719T120353-2419dc9b,0,False,True,environment collision (impulse=9.5),False,19.85899999999674,,0,1,0.7457202505219207,-221.98589999999967,189.484,2419dc9bc55377f2fc33fa5aa2213e9ffb4ab216018df1e925db05475999af58,C:\Users\tsion\Projects\eni_dcim_qa\tuning\runtime-logs\framefix-78c8461-20260719T115958Z\seed-20260719\20260719T120353-2419dc9b,0.36465625208203883,1.0932308133864785,11.477905997421244,0.41416932783433985,0.3,0.6033793879335551,0.34888745194843834,0.3750278023630566,0.5324079655054405
20260719,18,20260719T120416-9464437a,0,False,True,environment collision (impulse=1.7),False,5.217999999993481,,0,1,0.7463489623366641,-220.52179999999936,189.484,9464437a4f66e3a826c4881ecbcaafcdeb7eda5e068a6b2771999e1d1eadc82c,C:\Users\tsion\Projects\eni_dcim_qa\tuning\runtime-logs\framefix-78c8461-20260719T115958Z\seed-20260719\20260719T120416-9464437a,0.38121059820614017,1.0814670044583878,11.650824253403615,0.3432607485160109,0.2824294470194568,0.5478693041912605,0.45090930539405705,0.26971882440156203,0.5166160163147843
20260719,19,20260719T120424-a76d237b,0,False,True,environment collision (impulse=1.7),False,9.23399999999674,,0,1,0.7456301747930083,-220.92339999999967,189.484,a76d237b27ab21d2e9b5d834d89292b29e2754d1be16a30ca7756ab27537e1df,C:\Users\tsion\Projects\eni_dcim_qa\tuning\runtime-logs\framefix-78c8461-20260719T115958Z\seed-20260719\20260719T120424-a76d237b,0.3304101326901875,1.1885653804208516,12.0,0.395620067568401,0.3,0.6810359382670221,0.4440810165000135,0.28103893536360125,0.534392687747848
20260719,20,20260719T120436-79fd6416,0,False,True,environment collision (impulse=3.3),False,15.562000000005355,,0,2,0.7459773146926932,-241.55620000000053,189.484,79fd6416452f7c8ae2dc55133f2cf1dd94db7d2d93ff1e232a77a023905098f2,C:\Users\tsion\Projects\eni_dcim_qa\tuning\runtime-logs\framefix-78c8461-20260719T115958Z\seed-20260719\20260719T120436-79fd6416,0.41385005753018395,1.1172308762576544,11.602467665970096,0.41015998241659946,0.3,0.6763826438220651,0.36238212569757183,0.5117520661833825,0.5560314780166238
20260719,21,20260719T120454-d42c4ba4,0,False,True,environment collision (impulse=1.5),False,6.171999999991385,,0,1,0.7476255088195387,-220.61719999999914,189.484,d42c4ba46b641387e15a07009a6b08c67a3185955ef9327e1b970b06d9124a30,C:\Users\tsion\Projects\eni_dcim_qa\tuning\runtime-logs\framefix-78c8461-20260719T115958Z\seed-20260719\20260719T120454-d42c4ba4,0.3465005836802435,0.9962785549790645,11.449630822809766,0.4216541179956359,0.3,0.5452583122265386,0.3459283762691113,0.3505006359851515,0.5537892275635495
20260719,22,20260719T120503-4cdbf112,0,False,True,max duration,False,45.01600000000326,,0,2,0.7448860052266378,-244.50160000000034,189.484,4cdbf112283b2e26d0a3760dc82d2e2a76cc994990ae517509785aa7faaca888,C:\Users\tsion\Projects\eni_dcim_qa\tuning\runtime-logs\framefix-78c8461-20260719T115958Z\seed-20260719\20260719T120503-4cdbf112,0.38512134421752703,1.1188637136694441,11.701591617240018,0.4112395478451325,0.2953350183927408,0.581080473617882,0.3514476422980404,0.4550148079318073,0.5470721296996154
20260719,23,20260719T120551-f6e5f29d,0,False,True,environment collision (impulse=9.0),False,19.062000000005355,,0,2,0.7451912686405878,-241.90620000000052,189.484,f6e5f29d450b7e2f00e5141cf2cacdccb2e64845ec38672c57c84d7cfe62cd92,C:\Users\tsion\Projects\eni_dcim_qa\tuning\runtime-logs\framefix-78c8461-20260719T115958Z\seed-20260719\20260719T120551-f6e5f29d,0.3976000901473943,1.0089815538463582,11.686855175102812,0.35399550409993136,0.28958656663153426,0.5858249842072546,0.31954139020678357,0.34290680058647727,0.5243671525158656
20260719,24,20260719T120612-c85ed710,0,False,True,max duration,False,45.01500000001397,,0,1,0.7444682369735903,-224.50150000000139,189.484,c85ed7104096afedc06be5dac16b098612445757ee3090c630f2876c1663a0e2,C:\Users\tsion\Projects\eni_dcim_qa\tuning\runtime-logs\framefix-78c8461-20260719T115958Z\seed-20260719\20260719T120612-c85ed710,0.3433664174273566,1.089053375261575,12.0,0.41830500469409887,0.2926213886514853,0.4820387263274957,0.41480376752477877,0.5458438868256617,0.5409471390647395
20260719,25,20260719T120700-51d76c51,1,False,True,environment collision (impulse=1.8),False,24.562000000005355,,0,1,0.7477522477522478,-122.45620000000054,189.484,51d76c5197a35de6af52d006d3b8c6b4de74dab332a7b1a4c19f33633a3547de,C:\Users\tsion\Projects\eni_dcim_qa\tuning\runtime-logs\framefix-78c8461-20260719T115958Z\seed-20260719\20260719T120700-51d76c51,0.37055723246561095,1.0353890222798396,11.625564751634446,0.3709459234865221,0.28541428446798006,0.5199072034394161,0.3411700622703439,0.30823095401260864,0.5706116653844899
20260719,26,20260719T120727-75fad771,0,False,True,environment collision (impulse=2.8),False,39.60899999999674,,0,2,0.7445105684383336,-243.96089999999967,189.484,75fad771a62605a6ff9907fd3b1c6b27fc213decea468ea5ef3e8392bc930451,C:\Users\tsion\Projects\eni_dcim_qa\tuning\runtime-logs\framefix-78c8461-20260719T115958Z\seed-20260719\20260719T120727-75fad771,0.3365779327966667,1.0973139057403762,11.46477948496394,0.3541191850034778,0.3,0.5898970928804153,0.4029314204706972,0.27185296334410686,0.5422925468859984
20260719,27,20260719T120810-cbac000f,0,False,True,environment collision (impulse=6.5),False,36.89000000001397,,0,2,0.7454186327224843,-243.68900000000139,189.484,cbac000f29fb0bb381a7c4dc5c98458a0982f094c4fa660e3b65396bbb3a64b1,C:\Users\tsion\Projects\eni_dcim_qa\tuning\runtime-logs\framefix-78c8461-20260719T115958Z\seed-20260719\20260719T120810-cbac000f,0.3588323510186514,1.0481109423372266,11.76023670696815,0.4400556276280992,0.2882880408715136,0.5808485984353629,0.38561234708872627,0.22925303165041788,0.5592312140638908
20260719,28,20260719T120849-0eff7dd8,0,False,True,environment collision (impulse=5.6),False,21.625,,1,1,0.7464025415810129,-242.1625,189.484,0eff7dd8f1745e9ba726994930936f0e12e4cc3345494c20f1e2c63a0bfba2f8,C:\Users\tsion\Projects\eni_dcim_qa\tuning\runtime-logs\framefix-78c8461-20260719T115958Z\seed-20260719\20260719T120849-0eff7dd8,0.34926940717996513,1.0999864097715082,11.293518590507729,0.4179965594360146,0.2735989304558257,0.5350635683131341,0.3158655853524642,0.35185192684706157,0.5313882675317966
20260719,29,20260719T120914-6aa70ff1,0,False,True,environment collision (impulse=2.7),False,6.812999999994645,,0,1,0.7435744172145846,-220.68129999999945,189.484,6aa70ff19c1c871f0df65300766cd3b17ff7f9424146610a6d5fd100141eb450,C:\Users\tsion\Projects\eni_dcim_qa\tuning\runtime-logs\framefix-78c8461-20260719T115958Z\seed-20260719\20260719T120914-6aa70ff1,0.3482751357685246,0.989135244702596,11.238372781218363,0.38997916881998373,0.28732038266269294,0.6269711740222622,0.42756799017383235,0.3427586156697113,0.5191575683691282
20260719,30,20260719T120923-2c450795,0,False,True,environment collision (impulse=1.9),False,5.75,,0,1,0.7460545193687231,-220.575,189.484,2c450795da0f6b8d6e8402b5d4c3006208cd71add360cabef9812fe9d26d2f3f,C:\Users\tsion\Projects\eni_dcim_qa\tuning\runtime-logs\framefix-78c8461-20260719T115958Z\seed-20260719\20260719T120923-2c450795,0.40215970312229204,1.065117638083555,11.658231057760675,0.36011639831472986,0.2597979217486504,0.619426279638117,0.4014614088461343,0.3896325793976163,0.523669259849178
20260719,31,20260719T120931-f0c7d501,0,False,True,environment collision (impulse=1.5),False,4.10999999998603,,0,1,0.744390243902439,-220.4109999999986,189.484,f0c7d501e253813709abf6fd8fecd66aa13bc4c73686aefc514d7f7c4bbfcef2,C:\Users\tsion\Projects\eni_dcim_qa\tuning\runtime-logs\framefix-78c8461-20260719T115958Z\seed-20260719\20260719T120931-f0c7d501,0.33985303261824945,1.1002933225056675,11.397502413376056,0.3801730620220602,0.2753432735457578,0.5968548007487897,0.3416207362456889,0.31324999813142695,0.5288283311834991
20260719,32,20260719T120938-9c79d50a,0,False,True,environment collision (impulse=1.8),False,5.842999999993481,,0,1,0.7448763250883392,-220.58429999999936,189.484,9c79d50a618d95c94abc07be1f34621dbaf9c90424048b338829fb7de4143336,C:\Users\tsion\Projects\eni_dcim_qa\tuning\runtime-logs\framefix-78c8461-20260719T115958Z\seed-20260719\20260719T120938-9c79d50a,0.34635451729574473,0.9690139525830144,11.354274312257482,0.3839026195829711,0.28406007985527826,0.6385017617158683,0.3848766033827174,0.3035644225844655,0.5471257967039361
20260719,33,20260719T120947-16dc9b13,0,False,True,environment collision (impulse=2.2),False,4.0460000000020955,,0,1,0.7430555555555556,-220.40460000000022,189.484,16dc9b13763aff12c7cdc7d8a7e0fb35d0bb2e78bd69f1695850d5387a86f8db,C:\Users\tsion\Projects\eni_dcim_qa\tuning\runtime-logs\framefix-78c8461-20260719T115958Z\seed-20260719\20260719T120947-16dc9b13,0.3694962081011976,1.0405663623538675,11.95052813112762,0.3668705543804437,0.29061965088516345,0.5130768287674686,0.3161261015776263,0.34585352390682844,0.5342411638799996
20260719,34,20260719T120954-001b83cd,0,False,True,environment collision (impulse=2.1),False,5.375,,0,1,0.7432835820895523,-220.5375,189.484,001b83cd07c979e842769cf88e1fe1f247d6e04fc31ee262e00a3a8299a35b1d,C:\Users\tsion\Projects\eni_dcim_qa\tuning\runtime-logs\framefix-78c8461-20260719T115958Z\seed-20260719\20260719T120954-001b83cd,0.41095800926616655,1.0861781766486411,11.952776483463262,0.3610812924524918,0.26494584330093945,0.5776340517088576,0.3785768327590165,0.3049468999046313,0.5405141294502704
20260719,35,20260719T121002-6fad2d57,0,False,True,environment collision (impulse=2.5),False,5.76600000000326,,0,1,0.7444996451383961,-220.57660000000033,189.484,6fad2d57fc29f8012f03a6dbf88e3b3128e339f9299cbf5d78343e169ebe2c4a,C:\Users\tsion\Projects\eni_dcim_qa\tuning\runtime-logs\framefix-78c8461-20260719T115958Z\seed-20260719\20260719T121002-6fad2d57,0.3581265607606695,1.0659880258995715,11.587474032616141,0.36471893195910554,0.3,0.5168552998757205,0.33397161560332994,0.31215263348341343,0.5495845684153298
20260719,36,20260719T121010-a2c6b30e,0,False,True,environment collision (impulse=1.6),False,4.26600000000326,,0,1,0.7431796801505174,-220.42660000000032,189.484,a2c6b30e1a5380fb36092f639998c053f5a1e97363b724cd0d7190bc73ded510,C:\Users\tsion\Projects\eni_dcim_qa\tuning\runtime-logs\framefix-78c8461-20260719T115958Z\seed-20260719\20260719T121010-a2c6b30e,0.31446074239063804,1.0557976744977886,11.229099436526006,0.36041015826332584,0.27505607951449457,0.5617247347556472,0.3377703598718799,0.33830425512747875,0.5728803903579983
20260719,37,20260719T121017-2a3424ad,0,False,True,environment collision (impulse=3.3),False,17.171000000002095,,1,1,0.7461285781323322,-241.71710000000022,189.484,2a3424adec1a839bdceb8b900f0b83b0410c057d655ced509fb12bf195509ddc,C:\Users\tsion\Projects\eni_dcim_qa\tuning\runtime-logs\framefix-78c8461-20260719T115958Z\seed-20260719\20260719T121017-2a3424ad,0.33627006522707936,1.0320270723786422,11.97857142345363,0.37001956269006436,0.2684032811471286,0.6685338320594647,0.3642275503454327,0.3034229441707177,0.5098818017304062
20260719,38,20260719T121037-1649c23f,0,False,True,environment collision (impulse=2.0),False,3.7809999999881256,,0,1,0.7452229299363057,-220.37809999999882,189.484,1649c23f532b42096ac4ae96057cd0d5eab02e11c8e165650d5e22b9b006a703,C:\Users\tsion\Projects\eni_dcim_qa\tuning\runtime-logs\framefix-78c8461-20260719T115958Z\seed-20260719\20260719T121037-1649c23f,0.3611083264906823,0.9920122897395359,11.322859008429633,0.3730818545510802,0.2880178128144045,0.5613694107015563,0.31209193590658424,0.3228906998719725,0.5353210288007841
20260719,39,20260719T121044-9d53b361,0,False,True,environment collision (impulse=2.0),False,3.812999999994645,,0,1,0.7431578947368421,-220.38129999999947,189.484,9d53b36118e14dc56e8da0941fe784381abca44cef6d2f7d0612818be6f111f6,C:\Users\tsion\Projects\eni_dcim_qa\tuning\runtime-logs\framefix-78c8461-20260719T115958Z\seed-20260719\20260719T121044-9d53b361,0.35284697300702333,1.0820316300420358,11.397725823402634,0.3411603938030173,0.2636271541524434,0.5492740098264202,0.2875668884206854,0.2861457388654286,0.5615311944692036
20260719,40,20260719T121050-164f431d,0,False,True,environment collision (impulse=2.4),False,4.844000000011874,,0,1,0.745,-220.4844000000012,189.484,164f431dfb6b4ce726704fd5c118136db4f6cc3c60c6e42a5725d654446562b0,C:\Users\tsion\Projects\eni_dcim_qa\tuning\runtime-logs\framefix-78c8461-20260719T115958Z\seed-20260719\20260719T121050-164f431d,0.41699987449407266,1.0439606359567313,10.985326479747286,0.3662640668370976,0.2825168894621844,0.5374131986690609,0.3490772350195965,0.32496610814937604,0.5072985939879057
20260720,1,20260719T122302-8feafed3,0,False,True,environment collision (impulse=3.0),False,5.155999999988126,,0,2,0.7457098283931357,-240.5155999999988,-240.5155999999988,8feafed30a361ad8d59bc49aab3dbab3850d751ecab716dc96bff2172595c459,C:\Users\tsion\Projects\eni_dcim_qa\tuning\runtime-logs\2026-07-19-framefix-78c8461-20260719T115958Z\seed-20260720\20260719T122302-8feafed3,0.3262056458084364,1.151754855932196,9.670276973487043,0.44768396668123933,0.1945505452821132,0.6345350276829582,0.7285970602991257,0.33418142243606014,0.5084382446923351
20260720,2,20260719T122309-d0c05932,0,False,True,environment collision (impulse=9.7),False,19.812999999994645,,0,1,0.7456389452332657,-221.98129999999946,-221.98129999999946,d0c059321ac13c332adcc7ace4070a830be6e4762fcf8e92df32c6f5dfda27c5,C:\Users\tsion\Projects\eni_dcim_qa\tuning\runtime-logs\2026-07-19-framefix-78c8461-20260719T115958Z\seed-20260720\20260719T122309-d0c05932,0.5524576935173587,0.9917415192120933,8.162877215755206,0.4418847482451419,0.21220450466947843,0.7886726979656881,0.6411635018543961,0.41196742725812147,0.6042002424135803
20260720,3,20260719T122332-7d6333b4,1,False,True,environment collision (impulse=2.7),False,16.764999999984866,,0,1,0.746897055244585,-121.67649999999848,-121.67649999999848,7d6333b4f870a6c4447fd80fe5edcf849ab0cbf65751df0eec74e824121f745b,C:\Users\tsion\Projects\eni_dcim_qa\tuning\runtime-logs\2026-07-19-framefix-78c8461-20260719T115958Z\seed-20260720\20260719T122332-7d6333b4,0.4921750291137277,1.0545646269921078,9.557804308764618,0.32557121513088905,0.15660175403208815,1.132486441586124,0.42208927123559076,0.5623882993736867,0.45488176287177645
20260720,4,20260719T122351-9c93229f,0,False,True,environment collision (impulse=1.9),False,21.01600000000326,,0,1,0.7457828934312364,-222.10160000000033,-121.67649999999848,9c93229fb9eebb41903aa06f6a109f9680b6cf0bca010874a464ab1bdfb0c6fb,C:\Users\tsion\Projects\eni_dcim_qa\tuning\runtime-logs\2026-07-19-framefix-78c8461-20260719T115958Z\seed-20260720\20260719T122351-9c93229f,0.43972427610919673,1.145482256573272,9.745826889595822,0.5707265877583573,0.09471218662677659,1.1123993902697897,0.6652106787257952,0.388740194232535,0.6074027007331029
20260720,5,20260719T122415-eb79d38a,0,False,True,environment collision (impulse=3.1),False,9.76600000000326,,0,1,0.7450733752620545,-220.97660000000033,-121.67649999999848,eb79d38abba7fb97fa32938a01f724d63275d423cb32435f929022e99486c515,C:\Users\tsion\Projects\eni_dcim_qa\tuning\runtime-logs\2026-07-19-framefix-78c8461-20260719T115958Z\seed-20260720\20260719T122415-eb79d38a,0.6674675506036344,1.318758814498921,7.9090993022409,0.17233317534712184,0.2608794934362417,0.7256603889919611,0.4464062588243582,0.38677113656438306,0.3906053173303886
20260720,6,20260719T122428-1bb87b29,1,False,True,environment collision (impulse=3.1),False,13.905999999988126,,0,2,0.7476825028968713,-141.3905999999988,-121.67649999999848,1bb87b29efd196855014ea46e50022316a434d392decd1c0a043d7d3e5fb868f,C:\Users\tsion\Projects\eni_dcim_qa\tuning\runtime-logs\2026-07-19-framefix-78c8461-20260719T115958Z\seed-20260720\20260719T122428-1bb87b29,0.4031345171566751,1.1873546787343334,10.217740609446306,0.15,0.24551975734983372,1.334057519624176,0.5492370495405865,0.40333262326415326,0.5130182974102873
20260720,7,20260719T122445-5bfff8cc,0,False,True,environment collision (impulse=1.9),False,5.73399999999674,,0,1,0.743988684582744,-220.57339999999968,-121.67649999999848,5bfff8cca0f2165f7e12d2f90e38dd12920ce4dcb8665ad3c0422c737c4df80b,C:\Users\tsion\Projects\eni_dcim_qa\tuning\runtime-logs\2026-07-19-framefix-78c8461-20260719T115958Z\seed-20260720\20260719T122445-5bfff8cc,0.3,1.0821891586563122,8.277356933153495,0.2572792002150982,0.11669714774491799,0.547395275194561,0.5440666835610714,0.44997791181662405,0.4771575745680005
20260720,8,20260719T122453-7dced41a,0,False,True,environment collision (impulse=1.9),False,9.03100000001723,,0,1,0.7536852116024727,-220.90310000000173,-121.67649999999848,7dced41aaa8544091eb518b52ac7f247fe5c97678d4ac61562dffe7b45a6db51,C:\Users\tsion\Projects\eni_dcim_qa\tuning\runtime-logs\2026-07-19-framefix-78c8461-20260719T115958Z\seed-20260720\20260719T122453-7dced41a,0.5727768391311853,0.9958581296276487,10.149788519933384,0.25830865619211135,0.1179772724628001,1.241749856681117,0.3844350843582821,0.4683860231468856,0.3599615472187441
20260720,9,20260719T122505-e66bf01c,1,False,True,environment collision (impulse=2.4),False,11.98399999999674,,0,1,0.7465453319851703,-121.19839999999968,-121.19839999999968,e66bf01c0c7b0e1c5a606f7002b19bf71a3c64d8485c0e00cb77ae7e0abac100,C:\Users\tsion\Projects\eni_dcim_qa\tuning\runtime-logs\2026-07-19-framefix-78c8461-20260719T115958Z\seed-20260720\20260719T122505-e66bf01c,0.41961873200125605,1.2252795139796193,10.325818493530946,0.32251653499991717,0.1659320632676048,1.2566295287456715,0.4690291543459322,0.4253706995249887,0.45637667172676505
20260720,10,20260719T122520-c0c486d5,0,False,True,environment collision (impulse=1.3),False,13.34299999999348,,0,2,0.7501540357362908,-241.33429999999936,-121.19839999999968,c0c486d558d02a315046caa0d26d61c8d5fe15fe9b97cec8cdcc4c22241b335e,C:\Users\tsion\Projects\eni_dcim_qa\tuning\runtime-logs\2026-07-19-framefix-78c8461-20260719T115958Z\seed-20260720\20260719T122520-c0c486d5,0.4789580207499777,1.0582198240653753,9.875639967195811,0.32211589631614335,0.26238999417992687,1.2028226894518854,0.4326732766433317,0.41149665728428575,0.4777429082588745
20260720,11,20260719T122536-21cd7628,0,False,True,environment collision (impulse=4.1),False,13.344000000011874,,0,1,0.753428927680798,-221.33440000000118,-121.19839999999968,21cd7628fbbf0a7e57779f1d86bf3fb5c3615f72fba0f55ebf6e581bd9134682,C:\Users\tsion\Projects\eni_dcim_qa\tuning\runtime-logs\2026-07-19-framefix-78c8461-20260719T115958Z\seed-20260720\20260719T122536-21cd7628,0.3608306352927652,1.0492413784707173,9.63781388018649,0.1721808538897321,0.2161391775726491,1.21234951733492,0.46857649421841824,0.3220613151410271,0.4872923998151326
20260720,12,20260719T122552-7d4b9c07,0,False,True,environment collision (impulse=1.4),False,11.328000000008615,,0,1,0.75,-221.13280000000086,-121.19839999999968,7d4b9c0798b625b179ec3947b742e6dd6bca1c6e4f84198ec761b8ec5e9c452f,C:\Users\tsion\Projects\eni_dcim_qa\tuning\runtime-logs\2026-07-19-framefix-78c8461-20260719T115958Z\seed-20260720\20260719T122552-7d4b9c07,0.510464966686323,1.0723556401451813,8.932539222987504,0.15,0.18756628018394755,1.2160077252593524,0.43818867876637413,0.42485958188411016,0.5086052624963525
20260720,13,20260719T122605-bfd759f2,0,False,True,max duration,False,45.014999999984866,,0,0,0.7456370377068451,-204.5014999999985,-121.19839999999968,bfd759f2854e018a383b279fbfdd8f20875198bacb3ec08af25540ccf0f780a4,C:\Users\tsion\Projects\eni_dcim_qa\tuning\runtime-logs\2026-07-19-framefix-78c8461-20260719T115958Z\seed-20260720\20260719T122605-bfd759f2,0.5208368424459788,1.1197807963050395,9.947622183994367,0.20975169075290334,0.2154724511906,1.1284085283118441,0.39865720936366245,0.5109767139440914,0.47257494152096474
20260720,14,20260719T122653-58753fef,0,False,True,environment collision (impulse=2.6),False,3.7030000000086147,,0,1,0.7443120260021668,-220.37030000000087,-121.19839999999968,58753feffdc05ee346633edff5e8eff555c6edc93577697fd1b029605d7fd0bf,C:\Users\tsion\Projects\eni_dcim_qa\tuning\runtime-logs\2026-07-19-framefix-78c8461-20260719T115958Z\seed-20260720\20260719T122653-58753fef,0.42913681142275667,1.1349674960984033,9.415503691784243,0.3274804146371308,0.16492725226718363,1.2831434718169046,0.37302037564487944,0.31684873166456917,0.4887900476820153
20260720,15,20260719T122659-be24377d,0,False,True,environment collision (impulse=5.4),False,20.453000000008615,,0,1,0.7518844221105527,-222.04530000000085,-121.19839999999968,be24377ddeb825a19d49ef613716491711f9161ef8158d224a083ad96221f58e,C:\Users\tsion\Projects\eni_dcim_qa\tuning\runtime-logs\2026-07-19-framefix-78c8461-20260719T115958Z\seed-20260720\20260719T122659-be24377d,0.48129399631514663,1.2062984158810388,9.819088962161754,0.23763376031372516,0.21254401075522214,1.2074968657519847,0.45787942459479447,0.5943060996126025,0.5139055226567695
20260720,16,20260719T122723-9a7c5252,0,False,True,environment collision (impulse=2.5),False,5.405999999988126,,0,1,0.7473524962178517,-220.54059999999882,-121.19839999999968,9a7c5252aa6c3bf25277f37f3429218e2d093958aa31b8050b1fdf2f884aa4b8,C:\Users\tsion\Projects\eni_dcim_qa\tuning\runtime-logs\2026-07-19-framefix-78c8461-20260719T115958Z\seed-20260720\20260719T122723-9a7c5252,0.46152051063030686,1.1473350531281474,9.770426080981382,0.15,0.23054506558878,1.0643431340604892,0.5151502673027145,0.3997359993492504,0.49530862172712603
20260720,17,20260719T122731-403149ab,0,False,True,environment collision (impulse=1.7),False,4.297000000020489,,0,1,0.7469654528478058,-220.42970000000204,-121.19839999999968,403149ab76b0a9dede9fe9768d3538b2c4f8d6a64d424d5cad8c3598d7fa3b9a,C:\Users\tsion\Projects\eni_dcim_qa\tuning\runtime-logs\2026-07-19-framefix-78c8461-20260719T115958Z\seed-20260720\20260719T122731-403149ab,0.4573932173984252,1.1682791658273295,10.428636984532943,0.30260130418578807,0.20600971693264053,1.1058733877153468,0.422732889669258,0.5018900287034891,0.46547760363714086
20260720,18,20260719T122738-1f8d4c96,0,False,True,environment collision (impulse=1.6),False,3.9060000000172295,,0,1,0.7433264887063655,-220.3906000000017,-121.19839999999968,1f8d4c9648993a2b1d6cdf3c7c639d31b66499e7b869c37879228090edd1d4a0,C:\Users\tsion\Projects\eni_dcim_qa\tuning\runtime-logs\2026-07-19-framefix-78c8461-20260719T115958Z\seed-20260720\20260719T122738-1f8d4c96,0.3874140955106691,1.2075150203364307,10.04677980779877,0.35030042223562735,0.2122996581987615,1.2833739884752888,0.44789644405264595,0.47474440834693177,0.47768666982187746
20260720,19,20260719T122745-d36867b9,0,False,True,environment collision (impulse=14.1),False,27.76600000000326,,0,2,0.7477863046044865,-242.77660000000031,-121.19839999999968,d36867b989dd074faf76f8e57ca9517bb667004c9a077e9d6c51bc0b36ef6fdc,C:\Users\tsion\Projects\eni_dcim_qa\tuning\runtime-logs\2026-07-19-framefix-78c8461-20260719T115958Z\seed-20260720\20260719T122745-d36867b9,0.4896627110697958,1.0884325685353804,10.211715533690445,0.22235938439312836,0.14068746809626625,1.231879579172839,0.4175467332054735,0.49385851980377177,0.47622768520861997
20260720,20,20260719T122815-43f49180,0,False,True,environment collision (impulse=5.8),False,23.51500000001397,,0,3,0.7474191328286304,-262.3515000000014,-121.19839999999968,43f49180db4ed285d9ac799d756c4c27cb8b79e73007d75bd141abf3fa485900,C:\Users\tsion\Projects\eni_dcim_qa\tuning\runtime-logs\2026-07-19-framefix-78c8461-20260719T115958Z\seed-20260720\20260719T122815-43f49180,0.3977212976751684,1.1463785051778028,9.975095214097523,0.2687680693466707,0.19829949810893788,1.065822054338824,0.43392126630084266,0.43161940789614217,0.44147612801111924
20260720,21,20260719T122841-d944d429,0,False,True,environment collision (impulse=2.1),False,6.7189999999827705,,0,1,0.7480314960629921,-220.6718999999983,-121.19839999999968,d944d42951858c6f450027ed9efa524c5d188a7d5693afcf6452b148bb71b130,C:\Users\tsion\Projects\eni_dcim_qa\tuning\runtime-logs\2026-07-19-framefix-78c8461-20260719T115958Z\seed-20260720\20260719T122841-d944d429,0.45973007686869977,1.1232364322722037,10.664676233951186,0.2124420375572316,0.20540099399859704,1.1502510662720287,0.4181319060081509,0.4556734588615697,0.47059647397250054
20260720,22,20260719T122851-8a1d2dc4,0,False,True,environment collision (impulse=39.0),False,26.812000000005355,,0,1,0.7462098241358399,-222.68120000000053,-121.19839999999968,8a1d2dc49747fe5a82567e3189312fb845a6263e220a42b9d3a763d9f9281f2b,C:\Users\tsion\Projects\eni_dcim_qa\tuning\runtime-logs\2026-07-19-framefix-78c8461-20260719T115958Z\seed-20260720\20260719T122851-8a1d2dc4,0.4363837030942326,1.2180212844807297,10.212644035471763,0.23989727052319906,0.19017424201103553,1.1422631172290996,0.3982179818206418,0.5645025912429336,0.46203009969793285
20260720,23,20260719T122920-076001d0,0,False,True,environment collision (impulse=2.0),False,16.54700000002049,,0,1,0.7470856563608718,-221.65470000000204,-121.19839999999968,076001d0d5fdc48d16aa784fde3bf8dec98983d214b068f0e0da577cd544ca4e,C:\Users\tsion\Projects\eni_dcim_qa\tuning\runtime-logs\2026-07-19-framefix-78c8461-20260719T115958Z\seed-20260720\20260719T122920-076001d0,0.4737858832593764,1.167222671115877,10.063938209772198,0.25768254532572926,0.19261274661927286,1.1948831047302935,0.5003433696458485,0.4939243131904905,0.4567221885523242
20260720,24,20260719T122939-fb2d3704,0,False,True,environment collision (impulse=1.6),False,7.187000000005355,,0,1,0.7462857142857143,-220.71870000000052,-121.19839999999968,fb2d37041e58e711a0fcc0e97f798626d75a1769ba3d08cb8b7136514cbf70e2,C:\Users\tsion\Projects\eni_dcim_qa\tuning\runtime-logs\2026-07-19-framefix-78c8461-20260719T115958Z\seed-20260720\20260719T122939-fb2d3704,0.35688652020545697,1.161297120415548,9.87635047555716,0.2765249813715505,0.1589742849687511,1.221662879827819,0.4522019819184906,0.5057216979741511,0.4963363854751147
20260720,25,20260719T122949-3807d03c,2,True,False,,False,11.26500000001397,10.218999999999994,0,0,0.7462740821519448,189.781,189.781,3807d03ce55fa33123919682e63c9e47e2333203c3a2a198e9f65413d3d015ef,C:\Users\tsion\Projects\eni_dcim_qa\tuning\runtime-logs\2026-07-19-framefix-78c8461-20260719T115958Z\seed-20260720\20260719T122949-3807d03c,0.46834367747348,1.1618975201387252,9.885819024819634,0.31122594064937564,0.1971306369154902,1.2184746417650334,0.41338897812125247,0.4919919446274588,0.4872553517555112
20260720,26,20260719T123003-637a70e1,0,False,True,environment collision (impulse=1.5),False,14.655999999988126,,0,1,0.754525928198834,-221.4655999999988,189.781,637a70e1362c1ca273f72dbdb545c0395488c9eb76fe9f616340136cac103a52,C:\Users\tsion\Projects\eni_dcim_qa\tuning\runtime-logs\2026-07-19-framefix-78c8461-20260719T115958Z\seed-20260720\20260719T123003-637a70e1,0.42432554630183006,1.20547755435127,10.476436216720803,0.36026946895703316,0.2162787702111178,1.3059577193142404,0.46000399248267587,0.46985951794056496,0.45311375701423856
20260720,27,20260719T123020-39298df5,0,False,True,environment collision (impulse=3.4),False,21.07799999997951,,0,1,0.7503064977523498,-222.10779999999795,189.781,39298df5201f69459a286e6bdffff1cb78a1f00677648f7f03c73020954f2342,C:\Users\tsion\Projects\eni_dcim_qa\tuning\runtime-logs\2026-07-19-framefix-78c8461-20260719T115958Z\seed-20260720\20260719T123020-39298df5,0.4720954198205414,1.1770152467524342,10.010793509694915,0.3085264660701432,0.2027602865750091,1.131318239166748,0.45199326240665605,0.4526407852236983,0.4732135273868168
20260720,28,20260719T123044-e8496e3b,0,False,True,environment collision (impulse=2.0),False,10.687999999994645,,0,1,0.7479150871872631,-221.06879999999947,189.781,e8496e3bd73c57b6933ab17072695bc58c2743b88fb171145fcc24adee5335bc,C:\Users\tsion\Projects\eni_dcim_qa\tuning\runtime-logs\2026-07-19-framefix-78c8461-20260719T115958Z\seed-20260720\20260719T123044-e8496e3b,0.465824196748534,1.1100165483793811,10.236266981503205,0.3193382056448446,0.22663797320088228,1.4014237747280531,0.41719063884445196,0.49218345225269705,0.4728768295793623
20260720,29,20260719T123058-a2c89e80,2,True,False,,False,12.96799999999348,11.906000000000006,0,0,0.7502395400830406,188.094,189.781,a2c89e801cbe56c4a029b52f90f45ccb7451bd85cb935a6b547cd87c862f892c,C:\Users\tsion\Projects\eni_dcim_qa\tuning\runtime-logs\2026-07-19-framefix-78c8461-20260719T115958Z\seed-20260720\20260719T123058-a2c89e80,0.4175508964981442,1.1859088596718776,10.702554760975051,0.3324256742354188,0.21249533834277604,1.1840949669384515,0.43978030081119523,0.4844608089445382,0.480413441464516
20260720,30,20260719T123113-1059686e,0,False,True,environment collision (impulse=3.1),False,7.405999999988126,,0,1,0.7497162315550511,-220.7405999999988,189.781,1059686ee182a66f9e1d7b271c37919d2a99ab2ce0611890d9789e181447fe18,C:\Users\tsion\Projects\eni_dcim_qa\tuning\runtime-logs\2026-07-19-framefix-78c8461-20260719T115958Z\seed-20260720\20260719T123113-1059686e,0.43639382880426103,1.206801210936247,9.559156468463916,0.3427463415208347,0.19873183246141118,1.1339225697202184,0.44202087712192023,0.4558673573779734,0.46165710237649127
20260720,31,20260719T123123-7fe8bfa1,0,False,True,environment collision (impulse=1.8),False,3.9839999999967404,,0,1,0.7442094662638469,-220.39839999999967,189.781,7fe8bfa104f357a46592702ee0e4f336cfb19f0389233d3a364b3a7db3c23986,C:\Users\tsion\Projects\eni_dcim_qa\tuning\runtime-logs\2026-07-19-framefix-78c8461-20260719T115958Z\seed-20260720\20260719T123123-7fe8bfa1,0.33479848347164637,1.2083857551437664,10.540312801809849,0.33657066666902535,0.18772822031667566,1.1885202911970392,0.42685094725512646,0.5377354918205821,0.4617026665447091
20260720,32,20260719T123130-2b5b0154,0,False,True,environment collision (impulse=1.9),False,12.046999999991385,,0,1,0.7495540492329646,-221.20469999999915,189.781,2b5b0154fed74c5c33752613a57445ff89d2357e4dda0b52517481f2793d0675,C:\Users\tsion\Projects\eni_dcim_qa\tuning\runtime-logs\2026-07-19-framefix-78c8461-20260719T115958Z\seed-20260720\20260719T123130-2b5b0154,0.3937809347202404,1.1952729074817152,10.257415144768252,0.3306584976362858,0.2049793636645761,1.238457035696206,0.4403824888788962,0.47240278270581404,0.4577764033505663
20260720,33,20260719T123145-c43f12ff,0,False,True,environment collision (impulse=2.5),False,12.437999999994645,,1,2,0.7497480685253611,-261.24379999999945,189.781,c43f12ffe9d8feaee1129478eac83c8c4c1bd59cca3acbfab3e5b6009263d35b,C:\Users\tsion\Projects\eni_dcim_qa\tuning\runtime-logs\2026-07-19-framefix-78c8461-20260719T115958Z\seed-20260720\20260719T123145-c43f12ff,0.44777463702674125,1.240337925953124,10.104160800583164,0.3084510537766437,0.21152108613134157,1.221628869005292,0.44081924927438443,0.5048027082003816,0.49494596485892123
20260720,34,20260719T123200-9c7874e0,2,True,False,,False,12.5,11.452999999999975,0,1,0.7481751824817519,168.54700000000003,189.781,9c7874e093efbce70e4483f7a73b93050e11aee8fdad23aab4fb0b8a649d17f4,C:\Users\tsion\Projects\eni_dcim_qa\tuning\runtime-logs\2026-07-19-framefix-78c8461-20260719T115958Z\seed-20260720\20260719T123200-9c7874e0,0.43435196551055466,1.2463338693662656,10.619868885193616,0.30560555896590863,0.18244822172553463,1.164138654192038,0.4443019037625973,0.4980418004822325,0.48939933228923627
20260720,35,20260719T123215-fdcec4e7,0,False,True,environment collision (impulse=7.9),False,18.078000000008615,,0,1,0.7452679589509692,-221.80780000000087,189.781,fdcec4e73a9dd97014ac9b36035a16998e630398ca33468c97dfc0d556d08e0e,C:\Users\tsion\Projects\eni_dcim_qa\tuning\runtime-logs\2026-07-19-framefix-78c8461-20260719T115958Z\seed-20260720\20260719T123215-fdcec4e7,0.4721940868826122,1.1577642622185993,9.941312088028512,0.28576521001399297,0.19612877105079088,1.2201279615470448,0.41268375417852116,0.5226871491802966,0.4967693473395406
20260720,36,20260719T123236-e9d0987c,0,False,True,environment collision (impulse=2.7),False,14.125,,0,1,0.7479184610967556,-221.4125,189.781,e9d0987c70f374a661c5621026482edba96c2f591bfcfdc81b92788910ecd3a5,C:\Users\tsion\Projects\eni_dcim_qa\tuning\runtime-logs\2026-07-19-framefix-78c8461-20260719T115958Z\seed-20260720\20260719T123236-e9d0987c,0.47174515499100084,1.1356972537814944,10.636475922869456,0.3187068662023613,0.2210870111446543,1.2666230544945365,0.3833814857168447,0.5145393625199648,0.49696304859607177
20260720,37,20260719T123252-295e5974,0,False,True,environment collision (impulse=1.4),False,13.125,,1,1,0.7508672343109429,-241.3125,189.781,295e59743643fb47be43add0afd2210e7c340b45ed067a61fc43ca1dc08c8e64,C:\Users\tsion\Projects\eni_dcim_qa\tuning\runtime-logs\2026-07-19-framefix-78c8461-20260719T115958Z\seed-20260720\20260719T123252-295e5974,0.47275523003240544,1.1182918057798807,9.952374218194509,0.30434603117525416,0.2264458052865899,1.1917228593561409,0.4048517103426834,0.5033171629520155,0.5065239475958041
20260720,38,20260719T123308-96d61b4b,0,False,True,environment collision (impulse=2.7),False,9.421999999991385,,0,2,0.7481718464351006,-240.94219999999913,189.781,96d61b4bf83e0d43192438b1d0774eeb070c3458aae3b525390ec4545f32a8e0,C:\Users\tsion\Projects\eni_dcim_qa\tuning\runtime-logs\2026-07-19-framefix-78c8461-20260719T115958Z\seed-20260720\20260719T123308-96d61b4b,0.4570535926159203,1.2050599133136228,10.089300725045723,0.3162609542289167,0.20575256359423388,1.170916062527954,0.42501015973050543,0.4096521817064993,0.4770558888053342
20260720,39,20260719T123320-10c1d04b,0,False,True,max duration,False,45.014999999984866,,0,1,0.7451737451737451,-224.5014999999985,189.781,10c1d04b4709e50e6317e17b8e020de556e19965a13e5111bfbc59817d6f95b5,C:\Users\tsion\Projects\eni_dcim_qa\tuning\runtime-logs\2026-07-19-framefix-78c8461-20260719T115958Z\seed-20260720\20260719T123320-10c1d04b,0.4736982546082949,1.2034537152438833,10.504443454973686,0.35315495236312344,0.1890215550737468,1.3052843062869297,0.42564543844208597,0.5203111067989575,0.4843118085160209
20260720,40,20260719T123408-58235067,1,False,True,environment collision (impulse=1.7),False,11.375,,0,1,0.7565660525284202,-121.1375,189.781,5823506774904d1f2773e1783d1820071ebe8df819ff646490c8a96016313038,C:\Users\tsion\Projects\eni_dcim_qa\tuning\runtime-logs\2026-07-19-framefix-78c8461-20260719T115958Z\seed-20260720\20260719T123408-58235067,0.46666040715092705,1.1603508909019282,10.64275155230693,0.3118447401973994,0.19584849535964563,1.2210947432381598,0.3528158341551918,0.4969266265591541,0.46212816847082483
