row,ts_ns,owner,engaged,ready,e_z,vz_up,v_bz_applied,sign_bad_vbz_vs_ez,range_m,lateral_m,true_dz_m,pitch_t_rad,gate_age_s,feature_cert_status,feature_span_px,feature_mode,span_x_range,visible_scale_gate_reject
1,132570000000,alt,False,False,,,,0,4.002892540518872,-0.5428391347310721,0.7292877839973082,-0.5970743575766913,0.0,certified,48.010415536631214,BAR_FULL,192.18053421879247,False
2,132586000000,alt,False,False,,,,0,3.981032790422857,-0.4743953517042422,0.6972960808602396,-0.602859983067464,0.021464448,certified,48.010415536631214,BAR_FULL,191.13103853315585,False
3,132602000000,alt,False,False,,,,0,3.9503223331661066,-0.43495179274244106,0.6843179581182165,-0.6163000167748779,0.037464448,certified,48.010415536631214,BAR_FULL,189.65661671893932,False
4,132617000000,alt,False,False,,,,0,3.9503223331661066,-0.43495179274244106,0.6843179581182165,-0.6163000167748779,0.037464448,certified,48.010415536631214,BAR_FULL,189.65661671893932,False
5,132649000000,alt,False,False,,,,0,3.89815361568203,-0.385363477559117,0.7111340933998399,-0.6624698717845572,0.015115072,certified,58.309518948453004,BAR_FULL,227.29946211759193,False
6,132664000000,alt,False,False,,,,0,3.827544521757673,-0.3431169758407313,0.7050345753343462,-0.6932586723937335,0.031115072,certified,58.309518948453004,BAR_FULL,223.18227981747654,False
7,132680000000,alt,False,False,,,,0,3.7059749198107763,-0.39933296054714473,0.7021984696259357,-0.7569893603896856,0.018091776,certified,53.23532661682466,BAR_FULL,197.28878528988724,False
8,132711000000,alt,False,False,,,,0,3.623525112749082,-0.3677524955009942,0.7019852074991689,-0.7881028864346458,0.033091776,certified,53.23532661682466,BAR_FULL,192.89954288146376,False
9,132727000000,alt,False,False,,,,0,3.5294782035053878,-0.40456524637548735,0.7506603037128499,-0.8472468573482668,0.006707136,certified,54.08326913195984,BAR_FULL,190.885719575568,False
10,132742000000,alt,False,False,,,,0,3.5294782035053878,-0.40456524637548735,0.7506603037128499,-0.8472468573482668,0.006707136,certified,54.08326913195984,BAR_FULL,190.885719575568,False
11,132758000000,alt,False,False,,,,0,3.3768304341729274,-0.35559201211898084,0.7585829152291932,-0.8978592844962265,0.037707136,certified,54.08326913195984,BAR_FULL,182.63002918436723,False
12,132789000000,alt,False,False,,,,0,3.175754214165131,-0.3848131052608384,0.6117758612898132,-0.9195621365497817,0.000937856,certified,59.0,BAR_FULL,187.36949863574273,False
13,132805000000,alt,False,False,,,,0,3.1191442858903464,-0.3677315449579167,0.616132273609288,-0.936598417583663,0.015937856,certified,59.0,BAR_FULL,184.02951286753043,False
14,132820000000,alt,False,True,,,,0,3.036960139796976,-0.3890594571299368,0.5476542868457195,-0.9503933393601605,0.0,certified,62.12889826803627,BAR_FULL,188.6829875695275,False
15,132852000000,alt,False,True,,,,0,2.9753142806527513,-0.36669259439455226,0.5496302425185537,-0.966168939935617,0.020886528,certified,62.12889826803627,BAR_FULL,184.8529982581103,False
16,132867000000,alt,False,True,,,,0,2.963653346859442,-0.3497815294070527,0.5525880403845411,-0.9682341715940439,0.036886528,certified,62.12889826803627,BAR_FULL,184.12851728875546,False
17,132883000000,alt,False,True,,,,0,2.9946615638111176,-0.3711104425250509,0.5239923381776963,-0.9621256875951931,0.00645216,certified,61.0,BAR_FULL,182.67435539247816,False
18,132899000000,alt,False,True,,,,0,3.0107480906807855,-0.347560968236644,0.525229808400357,-0.9553126144185715,0.02245216,certified,61.0,BAR_FULL,183.6556335315279,False
19,132930000000,alt,False,True,,,,0,3.063605893173679,-0.28413307599392207,0.5299447677162445,-0.9350180501219445,0.05345216,certified,61.0,BAR_FULL,186.8799594835944,False
20,132945000000,alt,False,True,,,,0,3.094034093157219,-0.24878310795906208,0.5325953851931295,-0.9232358965594165,0.06845216,certified,61.0,BAR_FULL,188.73607968259037,False
21,132977000000,alt,False,True,,,,0,3.094034093157219,-0.24878310795906208,0.5325953851931295,-0.9232358965594165,0.06845216,certified,61.0,BAR_FULL,188.73607968259037,False
22,133008000000,alt,False,True,,,,0,3.1868632800031924,-0.1429964370684875,0.5394481818956505,-0.8845943468583186,0.11545216,certified,61.0,BAR_FULL,194.39866008019473,False
23,133039000000,alt,False,True,,,,0,3.0727294543374124,-0.2235510137869007,0.32068912910273983,-0.8480308876785998,0.095515584,certified,59.09522873719597,BAR_FULL,181.58364995158874,False
24,133055000000,alt,False,True,,,,0,3.0727294543374124,-0.2235510137869007,0.32068912910273983,-0.8480308876785998,0.095515584,certified,59.09522873719597,BAR_FULL,181.58364995158874,False
25,133070000000,alt,False,True,,,,0,2.93418170100888,-0.24324897180953264,0.20741549282264327,-0.8246077794826978,0.028260736,certified,61.66036003787198,BAR_FULL,180.92270010074319,False
26,133102000000,alt,False,True,,,,0,2.9845048787602195,-0.2161265420032098,0.34203888149816875,-0.8122643109621548,0.0,certified,61.00819617067857,BAR_FULL,182.07925911575074,False
27,133117000000,alt,False,True,,,,0,3.018782194601698,-0.18367107234536414,0.34343164574520757,-0.789216063679252,0.014821952,certified,61.00819617067857,BAR_FULL,184.170456324812,False
28,133133000000,alt,False,True,,,,0,3.018782194601698,-0.18367107234536414,0.34343164574520757,-0.789216063679252,0.014821952,certified,61.00819617067857,BAR_FULL,184.170456324812,False
29,133149000000,alt,False,True,,,,0,3.039034618646142,-0.13755916447203156,0.3474166706302131,-0.7701780786292854,0.046821952,certified,61.00819617067857,BAR_FULL,185.40602018384718,False
30,133180000000,alt,False,True,,,,0,3.132865074077024,-0.17617888530065146,0.3801872843264442,-0.7631126258156637,0.010796288,certified,59.0,BAR_FULL,184.8390393705444,False
31,133195000000,alt,False,True,,,,0,3.128168808165214,-0.14031799354720095,0.381858068862297,-0.7536191614214323,0.041796288,certified,59.0,BAR_FULL,184.56195968174762,False
32,133211000000,alt,False,True,,,,0,3.0623281644732785,-0.1933788943013026,0.37797147352153804,-0.7536191614214323,0.0,certified,63.12685640834652,BAR_FULL,193.31515031394002,False
33,133258000000,alt,False,True,,,,0,3.0154599121019436,-0.09166662539585553,0.38292500461888246,-0.7506815071464019,0.050832256,certified,63.12685640834652,BAR_FULL,190.3565048763846,False
34,133274000000,alt,False,True,,,,0,3.0154599121019436,-0.09166662539585553,0.38292500461888246,-0.7506815071464019,0.050832256,certified,63.12685640834652,BAR_FULL,190.3565048763846,False
35,133305000000,alt,False,True,,,,0,3.045783040439716,-0.07082891638255105,0.4329441245661394,-0.7533303069962856,0.025562432,certified,66.18912297349165,BAR_FULL,201.59770821423967,False
36,133320000000,alt,False,True,,,,0,2.7853087449683542,-0.05222134900078508,0.3869733980219121,-0.7576511952022549,0.002293248,certified,73.02739212103907,BAR_FULL,203.40383389696322,False
37,133336000000,alt,False,True,,,,0,2.7853087449683542,-0.05222134900078508,0.3869733980219121,-0.7576511952022549,0.002293248,certified,73.02739212103907,BAR_FULL,203.40383389696322,False
38,133367000000,alt,False,True,,,,0,2.7436320139600054,-0.040633467713022994,0.3864318884433021,-0.7596367625931488,0.034293248,certified,73.02739212103907,BAR_FULL,200.36029091929345,False
39,133383000000,alt,False,True,,,,0,2.78364716971291,-0.030877076279908294,0.4361220379078756,-0.7586014440888411,0.0,certified,64.03124237432849,BAR_FULL,178.24038660850084,False
40,133399000000,alt,False,True,,,,0,2.754945189304416,-0.021513078926954275,0.43543501751284797,-0.7546777703694494,0.028654272,certified,64.03124237432849,BAR_FULL,176.40256314434131,False
41,133414000000,alt,False,True,,,,0,2.743446012036349,-0.020266878596973337,0.4348610423304422,-0.7517009061531587,0.043654272,certified,64.03124237432849,BAR_FULL,175.66625653758436,False
42,133445000000,alt,False,True,,,,0,2.8097373156975847,-0.05096001263819183,0.510965705689268,-0.7487302831378497,0.002774656,certified,68.11754546370561,BAR_FULL,191.39240934310038,False
43,133461000000,alt,False,True,,,,0,2.7861864412791792,-0.05393366224434569,0.5092732497908321,-0.7414450737513065,0.033774656,certified,68.11754546370561,BAR_FULL,189.78818158419463,False
44,133477000000,alt,False,True,,,,0,2.7861864412791792,-0.05393366224434569,0.5092732497908321,-0.7414450737513065,0.033774656,certified,68.11754546370561,BAR_FULL,189.78818158419463,False
45,133508000000,alt,False,True,,,,0,2.8560600783651706,-0.02542610291935725,0.5299597753047851,-0.7331990479362831,0.001261824,certified,70.57619995437555,BAR_FULL,201.5698671724098,False
46,133524000000,alt,False,True,,,,0,2.8465073032827424,-0.039621217498038985,0.529609965896134,-0.7275559432985387,0.017261824,certified,70.57619995437555,BAR_FULL,200.89566860807315,False
47,133539000000,alt,False,True,,,,0,2.823561452815012,-0.06574994880928654,0.5270981675478169,-0.7183359529194298,0.048261824,certified,70.57619995437555,BAR_FULL,199.27623767733942,False
48,133555000000,alt,False,True,,,,0,2.8084838995003585,-0.0785030995122914,0.5251010168904794,-0.7151046801741489,0.064261824,certified,70.57619995437555,BAR_FULL,198.21212125978167,False
49,133586000000,alt,False,True,,,,0,2.7616292193027596,-0.06250756053228013,0.5312395139922258,-0.7128055399423294,0.026354304,certified,78.33900688673555,BAR_FULL,216.343290429569,False
50,133602000000,alt,False,True,,,,0,2.7248314346250266,-0.09863616535255997,0.5302935997608776,-0.7101013009688564,0.058354304,certified,78.33900688673555,BAR_FULL,213.46058852228347,False
51,133617000000,alt,False,True,,,,0,2.772592704083775,-0.07260521873574839,0.5787815767006401,-0.7101013009688564,0.0,certified,76.32168761236873,BAR_FULL,211.60895423741457,False
52,133649000000,alt,False,True,,,,0,2.73178284932031,-0.11778473128646744,0.5790998594033513,-0.7107006652701666,0.030910016,certified,76.32168761236873,BAR_FULL,208.49427725065127,False
53,133664000000,alt,False,True,,,,0,2.6814250164519886,-0.15858492188097817,0.575744086158169,-0.716564281989855,0.061910016,certified,76.32168761236873,BAR_FULL,204.65088246163936,False
54,133680000000,alt,False,True,,,,0,2.6350431944900503,-0.10180758314041688,0.5805678821666664,-0.716564281989855,0.0,certified,80.23091673413684,BAR_FULL,211.41193112798518,False
55,133695000000,alt,False,True,,,,0,2.60848014509149,-0.11858371901432303,0.5790907955853066,-0.720576394550648,0.014496256,certified,80.23091673413684,BAR_FULL,209.28075332348453,False
56,133727000000,alt,False,True,,,,0,2.5426620884582354,-0.09337293065223724,0.5969777218605916,-0.7280818381898433,0.0,certified,81.2219182240853,BAR_FULL,206.51989222023673,False
57,133742000000,alt,False,True,,,,0,2.516348867993554,-0.10707606321845882,0.5943057182780185,-0.7316823359629406,0.00920032,certified,81.2219182240853,BAR_FULL,204.38268197944208,False
58,133758000000,alt,True,True,,,,0,2.491853431898554,-0.12007508239393956,0.5907343721043044,-0.7347477585992372,0.02420032,certified,81.2219182240853,BAR_FULL,202.39311567207068,False
59,133774000000,alt,True,True,,,,0,2.444019501158812,-0.08950828694550608,0.5460487192607455,-0.7388447092011072,0.0,certified,86.05230967266364,BAR_FULL,210.31352295974702,False
60,133805000000,alt,True,True,,,,0,2.4231198442623936,-0.10304834856438928,0.542154856578031,-0.7395838514028898,0.014168384,certified,86.05230967266364,BAR_FULL,208.515059212444,False
61,133820000000,alt,True,True,,,,0,2.3823330748632676,-0.1321753155783073,0.5327721646333856,-0.7392031643676796,0.045168384,certified,86.05230967266364,BAR_FULL,205.00526350156287,False
62,133836000000,term,True,True,0.13972314794687818,0.06340605796487152,-0.06660043133139579,0,2.324011817573228,-0.11131947964818589,0.4992998397690355,-0.7379670869467092,0.008137216,certified,93.13431161500041,BAR_FULL,216.4452408148085,False
63,133867000000,term,True,True,0.15006523490035398,0.06407917509480417,-0.06730745984931599,0,2.3045634848151897,-0.12475584821610597,0.4930278385939258,-0.7359037770823789,0.024137216,certified,93.13431161500041,BAR_FULL,214.63393373132914,False
64,133883000000,term,True,True,0.16802398294666784,0.06445284765589099,-0.06769995789357033,0,2.2880231056541644,-0.090929820986351,0.48150729596150965,-0.733296879047731,0.0,certified,91.00549433962765,BAR_FULL,208.22267379054733,False
65,133899000000,term,True,True,0.18365990753391168,0.06508216620474207,-0.06836098127435755,0,2.270484786889131,-0.10405790653863566,0.47334191794796465,-0.7302200980994508,0.010097088,certified,91.00549433962765,BAR_FULL,206.6265904214495,False
66,133914000000,term,True,True,0.198108730286615,0.06571768252344427,-0.06902851466631132,0,2.2518746198139326,-0.11750463198096586,0.46313269971110904,-0.7273617596477018,0.026097088,certified,91.00549433962765,BAR_FULL,204.932962967028,False
67,133945000000,term,True,True,0.20251397347617717,0.06762498816371776,-0.07103190964780337,0,2.1911832904813133,-0.12954928410579603,0.43359585629748076,-0.721109799639247,0.014509952,certified,95.04735661763561,BAR_FULL,208.26617962498165,False
68,133961000000,term,True,True,0.24044492742456178,0.06896142921245633,-0.07243568009422167,0,2.155433648773016,-0.15455151911471518,0.4077784454395035,-0.7131097458739801,0.045509952,certified,95.04735661763561,BAR_FULL,204.86827068058042,False
69,133977000000,term,True,True,0.2639550245553363,0.06966302352888629,-0.0731726204685906,0,2.137789077351349,-0.1660388813338633,0.39343304267633206,-0.7080949346893282,0.061509952,certified,95.04735661763561,BAR_FULL,203.19120080829987,False
70,134008000000,term,True,True,0.292342867724951,0.07020645888796341,-0.07374343389678575,0,2.1014718377393136,-0.14487530143791202,0.34890065924583846,-0.7029343582654812,0.016708864,certified,98.32598842625484,BAR_FULL,206.62929559565623,False
71,134024000000,term,True,True,0.3177295177201689,0.07093206750455049,-0.07450559840272697,0,2.084322169776951,-0.15449328652569716,0.33538453281151576,-0.6972312297276699,0.032708864,certified,98.32598842625484,BAR_FULL,204.94303754207485,False
72,134039000000,term,True,True,0.2753774126354904,0.0726963413472826,-0.07635875569848184,0,2.0182078634152267,-0.1535068620135555,0.28610359519281614,-0.6915881942827452,0.0,certified,106.70520137275409,BAR_FULL,215.35327647779755,False
73,134054500000,term,True,True,0.3228642005632477,0.07423399936523317,-0.07797388034938545,0,1.9832133839612587,-0.1667828844778046,0.25850506816018987,-0.6797308659913825,0.026270656,certified,106.70520137275409,BAR_FULL,211.6191835007272,False
74,134085500000,term,True,True,0.3228642005632477,0.07490790513812753,-0.07868173724180334,0,1.9435324808378998,-0.16131407902206263,0.20533457453385573,-0.6734788532746976,0.000104064,certified,104.5609869884557,BAR_FULL,203.21767444053265,False
75,134101500000,term,True,True,0.3228642005632477,0.07656402333146974,-0.08042129004720673,0,1.9083208956208146,-0.16933701335629417,0.1762115645919149,-0.6594083331015137,0.032104064,certified,104.5609869884557,BAR_FULL,199.5359163368061,False
76,134116500000,term,True,False,0.3228642005632477,0.07734278807090512,-0.08123928866148447,0,1.8922818282506617,-0.1723585739177939,0.1621872645687198,-0.6523828883656768,0.047104064,certified,104.5609869884557,BAR_FULL,197.8588556222086,False
77,134148500000,term,True,False,0.3228642005632477,0.07752341737538279,-0.08142901800242486,0,1.8698222774770976,-0.1298972973830838,0.1298009453444623,-0.6450395815083452,0.00527776,certified,111.46299834474219,BAR_FULL,208.4159974193918,False
78,134163500000,term,True,False,0.3228642005632477,0.07906977407188925,-0.08305327956804025,0,1.8352789494133939,-0.1309595195380276,0.10175300506539231,-0.632269081128603,0.03627776,certified,111.46299834474219,BAR_FULL,204.5656945006053,False
79,134179500000,term,True,False,0.3228642005632477,0.08006330819091495,-0.08409686756252224,0,1.8199851791329396,-0.14030263289019407,0.10966422361133621,-0.632269081128603,0.0,certified,110.8873302050329,BAR_FULL,201.81329752678022,False
80,134194500000,term,True,False,0.3228642005632477,0.08090850354201777,-0.08498464353771258,0,1.8006687704734927,-0.13868003352942032,0.09537821186107087,-0.6263370983042734,0.010682368,certified,110.8873302050329,BAR_FULL,199.67135254138478,False
81,134226500000,term,True,False,0.3228642005632477,0.08345208370340088,-0.0876563683115181,0,1.7538631737906902,-0.16101045545703102,0.07595069986556513,-0.6165715207298017,0.0,certified,114.54256850621083,BAR_FULL,200.8919927344405,False
82,134241500000,term,True,False,0.3228642005632477,0.08432578859201267,-0.08857409012400064,0,1.7328053312745257,-0.15815523798345218,0.06162500983853936,-0.6121808715876118,0.012842176,certified,114.54256850621083,BAR_FULL,198.47997336543972,False
83,134257500000,term,True,False,0.3228642005632477,0.08601181710200058,-0.09034506011655934,0,1.690700702385888,-0.151715575799999,0.03438013272096663,-0.6054383545004096,0.043842176,certified,114.54256850621083,BAR_FULL,193.65720102653435,False
84,134273500000,term,True,False,0.3228642005632477,0.08554273869646015,-0.08985234971726998,0,1.659123032379282,-0.12626115618418626,-0.028474178992379362,-0.6028250771119819,0.014240128,certified,115.20850663036997,BAR_FULL,191.14508687646804,False
85,134319500000,term,True,False,0.3228642005632477,0.08723337415021618,-0.09162815874969213,0,1.587986420651133,-0.08211783022419794,-0.08278678977754739,-0.5991441382349292,0.011250176,certified,117.47765745025733,BAR_FULL,186.55292476091404,False
86,134352000000,term,True,False,0.3228642005632477,0.08805950007197398,-0.09249590458485506,0,1.5639169740055945,-0.07698988754711583,-0.09648490962235479,-0.5982326041613757,0.027250176,certified,117.47765745025733,BAR_FULL,183.72530255287222,False
87,134367000000,term,True,False,0.3228642005632477,0.09448896040759479,-0.09924927871541026,0,1.4005803575880003,-0.08289890560977495,-0.1790876895912773,-0.5976701566764056,0.001729536,certified,117.47765745025733,BAR_FULL,164.53689948028202,False
88,134383000000,term,True,False,0.3228642005632477,0.0963897890394397,-0.10124587037922377,0,1.3512591225580508,-0.07234420197945877,-0.20625464633185303,-0.5962578403507065,0.032729536,certified,117.47765745025733,BAR_FULL,158.74275632640996,False
89,134399000000,term,True,False,0.3228642005632477,0.0963897890394397,-0.10124587037922377,0,1.3512591225580508,-0.07234420197945877,-0.20625464633185303,-0.5962578403507065,0.032729536,certified,117.47765745025733,BAR_FULL,158.74275632640996,False
90,134430000000,term,True,False,0.3228642005632477,0.09900942824518554,-0.10399748602345711,0,1.2748540887841975,-0.0634228538930958,-0.26309481379698163,-0.5917257606235092,0.0,certified,117.47765745025733,BAR_FULL,149.7668719412499,True
91,134445000000,term,True,False,0.30133992052569786,0.10003191247256114,-0.10507148262186562,0,1.251685846471137,-0.056764329331965596,-0.2773073797469303,-0.5888416106293579,0.015816832,certified,117.47765745025733,BAR_FULL,147.0451211070716,True
92,134461000000,term,True,False,0.2812505924906513,0.10100326133538123,-0.1060917676752736,0,1.2314047297306596,-0.05055254750189122,-0.29020947289769594,-0.5852181177485791,0.030816832,certified,117.47765745025733,BAR_FULL,144.66254302192513,True
93,134477000000,term,True,False,0.26250055299127456,0.10684090504865887,-0.11222350968451034,0,1.1455295042997726,0.006015373848628557,-0.30394579720536236,-0.5757649977526516,0.010084672,certified,117.47765745025733,BAR_FULL,134.57412270529176,True
94,134508000000,term,True,False,0.24500051612518958,0.10800694603002106,-0.11344829537220961,0,1.1255797038168682,0.013294132611757544,-0.3168822203378273,-0.5711638669841246,0.025084672,certified,117.47765745025733,BAR_FULL,132.23046687796014,True
95,134524000000,term,True,False,0.2286671483835103,0.11053452654863516,-0.11610321444725755,0,1.085342748326826,0.02701647684351471,-0.3432159162418115,-0.5604074626649598,0.057084672,certified,117.47765745025733,BAR_FULL,127.50352360405972,True
96,134539000000,term,True,False,0.2134226718246096,0.11093520243298699,-0.1165240762320527,0,1.087673517081639,0.022353336262274506,-0.33418163176244936,-0.5604074626649598,0.0,certified,117.47765745025733,BAR_FULL,127.7773368574334,True
97,134570000000,term,True,False,0.19919449370296896,0.11353070635792022,-0.11925034066909833,0,1.0473747892184815,0.03380795726011373,-0.36024777102939887,-0.5499953360582719,0.028195008,certified,117.47765745025733,BAR_FULL,123.04313670984423,True
98,134586000000,term,True,False,0.1859148607894377,0.1167443810310824,-0.12262591906430408,0,1.0268712139512528,0.03042737630824876,-0.3469303107355159,-0.5446438191663004,0.0,certified,117.47765745025733,BAR_FULL,120.63442471809518,True
99,134602000000,term,True,False,0.1735205367368085,0.11820488510647865,-0.12416000278602894,0,1.0062506725586116,0.035322476816031526,-0.3599304722813664,-0.5389772588081995,0.004328064,certified,117.47765745025733,BAR_FULL,118.21197181993162,True
100,134617000000,term,True,False,0.1619525009543546,0.12105649559061171,-0.12715527633445883,0,0.9664451219374757,0.04409577549832136,-0.3836158215495417,-0.5292574490310866,0.035328064,certified,117.47765745025733,BAR_FULL,113.53570897944294,True
101,137351500000,alt,True,False,,,,0,2.499272281966426,-0.243962881561039,0.6726568374513773,-0.7683485181973677,0.015369472,certified,56.753854494650845,BAR_FULL,141.84333543323652,True
102,137382500000,alt,True,False,,,,0,2.489348866163191,-0.24187708584946277,0.6624450722197166,-0.7775449636531411,0.062369472,certified,56.753854494650845,BAR_FULL,141.28014333664981,True
103,137413500000,alt,False,False,,,,0,2.518162260065901,-0.2538658976599797,0.6817812143462493,-0.787653523464515,0.012810944,certified,49.39635614091387,BAR_FULL,124.38803981882383,True
104,137429500000,alt,True,False,,,,0,2.4786350422348296,-0.24257838681356378,0.683892201799079,-0.8173631556339616,0.043810944,certified,49.39635614091387,BAR_FULL,122.43553928958075,True
105,137444500000,alt,True,False,,,,0,2.4786350422348296,-0.24257838681356378,0.683892201799079,-0.8173631556339616,0.043810944,certified,49.39635614091387,BAR_FULL,122.43553928958075,True
106,137477000000,alt,True,False,,,,0,2.403615665780613,-0.21198327625044877,0.6806012014271592,-0.8525922956873613,0.01414688,certified,63.324560795950255,BAR_FULL,152.20790635782288,False
107,137492000000,alt,True,False,,,,0,2.377242669554224,-0.20515962709205543,0.6879323280870744,-0.8710185705513109,0.03014688,certified,63.324560795950255,BAR_FULL,150.53784795491353,True
108,137508000000,alt,True,False,,,,0,2.459654375754583,-0.22902120898272232,0.7270654517309308,-0.887801801124712,0.0,certified,67.11929677819934,BAR_FULL,165.0902720180685,False
109,137524000000,alt,True,False,,,,0,2.434209382717206,-0.22453737070548874,0.7362464950097661,-0.9042335109775501,0.00865664,certified,67.11929677819934,BAR_FULL,163.38242197887357,False
110,137555000000,alt,True,False,,,,0,2.388415525298244,-0.21955992591879644,0.7543787050240867,-0.9328610611078003,0.03965664,certified,67.11929677819934,BAR_FULL,160.30877047215174,False
111,137570000000,alt,True,False,,,,0,2.265630336898141,-0.17196929438529104,0.6965215073479045,-0.9457215374215371,0.0,certified,67.4166151627327,BAR_FULL,152.7411285236744,False
112,137586000000,alt,True,False,,,,0,2.2465503103017195,-0.17102832226935027,0.7017556777698454,-0.9563962265937396,0.013388672,certified,67.4166151627327,BAR_FULL,151.45481771332874,False
113,137617000000,alt,True,False,,,,0,2.1587201115749366,-0.15446569850431024,0.6202229591856266,-0.9789263782093056,0.00142112,certified,47.095647357266465,BAR_FULL,101.66632111777213,True
114,137633000000,alt,True,False,,,,0,2.1587201115749366,-0.15446569850431024,0.6202229591856266,-0.9789263782093056,0.00142112,certified,47.095647357266465,BAR_FULL,101.66632111777213,True
115,137649000000,alt,True,False,,,,0,2.1466341336859593,-0.1582219377891357,0.6257818662029596,-0.984391280728022,0.01742112,certified,47.095647357266465,BAR_FULL,101.09712416514513,True
116,137664000000,alt,True,False,,,,0,2.1706872194154805,-0.24739125992043465,0.648018988314096,-0.9882766952496154,0.0,certified,63.06346010171025,BAR_FULL,136.8910468549005,True
117,137695000000,alt,True,False,,,,0,2.159243659049043,-0.2551118300385745,0.6582225378455645,-0.9914415789496396,0.014604288,certified,63.06346010171025,BAR_FULL,136.16937634231016,True
118,137711000000,alt,True,False,,,,0,2.156545922119718,-0.2551271325309055,0.6633720241332443,-0.9910634538147249,0.029604288,certified,63.06346010171025,BAR_FULL,135.99924771710278,True
119,137727000000,alt,True,False,,,,0,2.1537059935990936,-0.25353990211166877,0.6687023556609577,-0.9902486422996053,0.045604288,certified,63.06346010171025,BAR_FULL,135.82015199815066,True
120,137758000000,alt,True,False,,,,0,2.1784674653563534,-0.2766639051153177,0.683286918123533,-0.9850514142334723,0.021377664,certified,65.73431371817918,BAR_FULL,143.20006379258118,True
121,137774000000,alt,True,False,,,,0,2.1834228838578427,-0.2625194474543996,0.6880658108404745,-0.9751891397529739,0.053377664,certified,65.73431371817918,BAR_FULL,143.52580482696294,True
122,137789000000,alt,True,False,,,,0,2.022478026412384,-0.22170197553370197,0.6140900075636315,-0.9751891397529739,0.0,certified,47.0,BAR_FULL,95.05646724138204,True
123,137805000000,alt,True,False,,,,0,2.0321736240025454,-0.19876407702414778,0.6183492899476526,-0.9604766633046808,0.03085216,certified,47.0,BAR_FULL,95.51216032811963,True
124,137836000000,alt,True,False,,,,0,2.0367365598318865,-0.18715788119125026,0.6202070637990855,-0.9527140840457047,0.04585216,certified,47.0,BAR_FULL,95.72661831209867,True
125,137852000000,alt,True,False,,,,0,2.0710094356619466,-0.25515664796672943,0.6229492131465164,-0.9438770933800509,0.000580352,certified,73.37574531137656,BAR_FULL,151.9618608885887,False
126,137867000000,alt,True,False,,,,0,2.0751884936473646,-0.2431508370378279,0.6232591676815333,-0.9352112187794863,0.016580352,certified,73.37574531137656,BAR_FULL,152.2685023829682,False
127,137883000000,alt,True,False,,,,0,2.0816551716673493,-0.2156143435821081,0.6236072249116733,-0.9176941753326517,0.047580352,certified,73.37574531137656,BAR_FULL,152.74299970237328,False
128,137914000000,alt,True,False,,,,0,2.051371495852787,-0.25826099171510986,0.5880906714115923,-0.9084907519907865,0.003474624,certified,62.64982043070834,BAR_FULL,128.51805585185065,True
129,137930000000,alt,True,False,,,,0,2.0537444199414407,-0.24486570162701846,0.5872083284604901,-0.8997749178892431,0.018474624,certified,62.64982043070834,BAR_FULL,128.6667191199005,True
130,137976500000,alt,True,False,,,,0,2.0684803602580732,-0.19914549922604172,0.635779561399294,-0.8674900514505739,0.005617472,certified,79.20227269466452,BAR_FULL,163.8283455567178,False
131,137991500000,alt,True,False,,,,0,2.064716526594518,-0.1865408527835999,0.6348996152753386,-0.8610595236533447,0.020617472,certified,79.20227269466452,BAR_FULL,163.53024137651954,False
132,138023500000,alt,True,False,,,,0,2.0584297822159976,-0.17317148793775783,0.633412299290656,-0.8554237189051834,0.036617472,certified,79.20227269466452,BAR_FULL,163.03231693389034,False
133,138038500000,alt,True,False,,,,0,2.0760420427308954,-0.16689524389960525,0.5961756174701232,-0.8470971682809809,0.013209792,certified,75.61084578286372,BAR_FULL,156.97129473166711,False
134,138054500000,alt,True,False,,,,0,2.066576844917727,-0.1580836212392919,0.5939206120747954,-0.8437521049461301,0.029209792,certified,75.61084578286372,BAR_FULL,156.2556231195113,False
135,138069500000,alt,True,False,,,,0,2.066576844917727,-0.1580836212392919,0.5939206120747954,-0.8437521049461301,0.029209792,certified,75.61084578286372,BAR_FULL,156.2556231195113,False
136,138101500000,alt,True,False,,,,0,2.007013206411224,-0.1518060550861482,0.6088187039708665,-0.83858327407626,0.0,certified,77.07788269017254,BAR_FULL,154.69632848139136,False
137,138116500000,alt,True,False,,,,0,1.9942942269107125,-0.14554429147380554,0.6060018277569508,-0.8363544509651879,0.01057216,certified,77.07788269017254,BAR_FULL,153.71597647151225,False
138,138132500000,alt,True,False,,,,0,1.968568179690978,-0.1348934504349824,0.5995503372215847,-0.83181416902874,0.04157216,certified,77.07788269017254,BAR_FULL,151.7330672218277,False
139,138148500000,alt,True,False,,,,0,1.9549963737723324,-0.13042259530746647,0.5957519769967986,-0.8291173945974093,0.05757216,certified,77.07788269017254,BAR_FULL,150.68698115733656,True
140,138179500000,alt,True,False,,,,0,1.851038693671455,-0.11528263448848505,0.5553784919235317,-0.8264094051467947,0.016279296,certified,63.60031446463138,BAR_FULL,117.72664300370501,True
141,138194500000,alt,True,False,,,,0,1.8235126578652543,-0.11137334000581368,0.5470544258508971,-0.8203791306725912,0.047279296,certified,63.60031446463138,BAR_FULL,115.97597847046595,True
142,138210500000,alt,True,False,,,,0,1.809496533836522,-0.10912394292000269,0.5425444734631983,-0.8164984885178288,0.063279296,certified,63.60031446463138,BAR_FULL,115.0845485746633,True
143,138241500000,alt,True,False,,,,0,1.8332568889971372,-0.11433573112509689,0.5596220225183912,-0.8127591631820132,0.016211648,certified,87.46427842267951,BAR_FULL,160.34449095954088,False
144,138257500000,alt,True,False,,,,0,1.819880849870661,-0.1146821742017535,0.5556821872576299,-0.8089525051440414,0.031211648,certified,87.46427842267951,BAR_FULL,159.1745653491901,False
145,138274000000,alt,True,False,,,,0,1.5103145065644084,0.08205897131531216,0.46189938737092384,-0.8015422020352478,0.008217216,certified,87.46427842267951,BAR_FULL,132.09856850796123,True
146,138289000000,alt,True,False,,,,0,1.4928365874716953,0.083011765748241,0.45646744830570085,-0.7976110740715938,0.023217216,certified,87.46427842267951,BAR_FULL,130.5698749261871,True
147,138320000000,alt,True,False,,,,0,1.4060715462628943,0.1721702477164498,0.42210041119981057,-0.7920496841396424,0.0,certified,87.46427842267951,BAR_FULL,122.98103320454528,True
148,138336000000,alt,True,False,,,,0,1.3877527037234307,0.1698595679512695,0.415752105663729,-0.7857121421971924,0.012973568,certified,87.46427842267951,BAR_FULL,121.37878886029242,True
149,138352000000,alt,True,False,,,,0,1.3692632472228046,0.16512374358684914,0.40849933789916065,-0.7766791611181758,0.028973568,certified,87.46427842267951,BAR_FULL,119.76162188903763,True
150,138383000000,alt,True,False,,,,0,1.287655569692927,0.19190025796636664,0.35324611204150724,-0.7550700758566014,0.002356928,certified,87.46427842267951,BAR_FULL,112.62386526013617,True
151,138399000000,alt,True,False,,,,0,1.2700759191214284,0.1839901413736298,0.34561887166438743,-0.742873247904155,0.018356928,certified,87.46427842267951,BAR_FULL,111.0862738079772,True
152,138414000000,alt,True,False,,,,0,1.2661958234061472,-0.06595384696767763,0.2704802599438457,-0.7183969185825727,0.011114624,certified,87.46427842267951,BAR_FULL,110.7469040360292,True
153,138430000000,alt,True,False,,,,0,1.248569235517855,-0.07382985005262875,0.26381739655446745,-0.7059014870366228,0.027114624,certified,87.46427842267951,BAR_FULL,109.20520724532578,True
154,138461000000,alt,True,False,,,,0,1.2898277841270884,-0.17000842502526195,0.2320120282083566,-0.695160349035665,0.0,certified,87.46427842267951,BAR_FULL,112.81385642819943,True
155,138477000000,alt,True,False,,,,0,1.271347183332682,-0.17218201113292284,0.22632881689403822,-0.6844242544583973,0.01427872,certified,87.46427842267951,BAR_FULL,111.19746401489907,True
156,138492000000,alt,True,False,,,,0,1.2332292725692777,-0.1683319759914758,0.2167185202166697,-0.6670465748931133,0.04527872,certified,87.46427842267951,BAR_FULL,107.86350845499783,True
157,138524000000,alt,True,False,,,,0,1.225986346186073,-0.19662041972723174,0.14202287343950548,-0.6542061167359982,0.021284608,certified,87.46427842267951,BAR_FULL,107.23001112522223,True
158,138555000000,alt,True,False,,,,0,1.183071669943424,-0.18131799553664532,0.13388209666926634,-0.6459399546598386,0.052284608,certified,87.46427842267951,BAR_FULL,103.47650993391605,True
159,138586000000,alt,True,False,,,,0,1.1774703477280488,0.1049760405461877,0.1485002962769475,-0.6408858852920546,0.028151936,certified,87.46427842267951,BAR_FULL,102.98659432813533,True
160,138602000000,alt,True,False,,,,0,1.1537449997075273,0.11622519848230774,0.1452287502485555,-0.6397093163931808,0.044151936,certified,87.46427842267951,BAR_FULL,100.91147388319347,True
161,138617000000,alt,True,False,,,,0,1.2021342679599176,0.21017948514770202,0.1491501144985326,-0.6392613182545319,0.0009488,certified,87.46427842267951,BAR_FULL,105.14380631429026,True
162,138649000000,alt,True,False,,,,0,1.1775280231949559,0.21561347765263425,0.14603706813242343,-0.6393538125785211,0.0169488,certified,87.46427842267951,BAR_FULL,102.99163887123103,True
163,138664000000,alt,True,False,,,,0,1.2108786077650588,0.20991678001622582,0.1448382492027825,-0.6392331430786048,0.0,certified,87.46427842267951,BAR_FULL,105.90862368562965,True
164,138680000000,alt,True,False,,,,0,1.1883733310006739,0.20900756001998938,0.14206963544970774,-0.6395372037524032,0.0080192,certified,87.46427842267951,BAR_FULL,103.94021589273002,True
165,138694500000,alt,True,False,,,,0,1.1328923290806865,0.14272925926040245,0.0585491213595255,-0.6408597014319729,0.001532864,certified,87.46427842267951,BAR_FULL,99.08761009363103,True
166,138726500000,alt,True,False,,,,0,1.1097301989409398,0.1357506232892805,0.05892751454459799,-0.6422886327073392,0.017532864,certified,87.46427842267951,BAR_FULL,97.06175109422588,True
167,138741500000,alt,True,False,,,,0,1.0867293545819023,0.12896946255356012,0.06022996059121838,-0.6442115654192082,0.033532864,certified,87.46427842267951,BAR_FULL,95.04999883925032,True
168,138757500000,alt,True,False,,,,0,1.0426339092759833,0.11839454694778424,0.06488027881832881,-0.6491661248784173,0.064532864,certified,87.46427842267951,BAR_FULL,91.19322253384138,True
169,138788500000,alt,True,False,,,,0,1.019679060721496,0.11419136192117663,0.06806234835836394,-0.6529333501139378,0.080532864,certified,87.46427842267951,BAR_FULL,89.18549326872126,True
170,138804500000,alt,True,False,,,,0,0.9981825554371712,0.11123470701290303,0.07141290193478073,-0.6569395956722262,0.095532864,certified,87.46427842267951,BAR_FULL,87.30531694541847,True
171,138819500000,alt,True,False,,,,0,0.9753401093245436,0.10923614322081761,0.07522059860504926,-0.6615828386078922,0.111532864,certified,87.46427842267951,BAR_FULL,85.30741887876856,True
172,138835500000,alt,True,False,,,,0,0.9537939160330431,0.10857958841017158,0.07899274298611528,-0.6666019207983038,0.126532864,certified,87.46427842267951,BAR_FULL,83.42289662977188,True
173,138866500000,alt,True,False,,,,0,0.9083949080001044,0.11025938891738303,0.08742145436833601,-0.6780593230841601,0.158532864,certified,87.46427842267951,BAR_FULL,79.45210515106547,True
174,138882500000,alt,True,False,,,,0,0.887209639151369,0.11194860644918404,0.09135555793721964,-0.6837327952213398,0.173532864,certified,87.46427842267951,BAR_FULL,77.59915089802035,True
175,138898500000,alt,True,False,,,,0,0.8427255878730993,0.11672540837102621,0.09962651912327095,-0.6959293494629328,0.205532864,certified,87.46427842267951,BAR_FULL,73.70838545164902,True
176,138929500000,alt,True,False,,,,0,0.8007489318883649,0.1237174305276755,0.10704213537758811,-0.7072252719889673,0.236532864,certified,87.46427842267951,BAR_FULL,70.03692752534718,True
177,138944500000,alt,True,False,,,,0,0.8007489318883649,0.1237174305276755,0.10704213537758811,-0.7072252719889673,0.236532864,certified,87.46427842267951,BAR_FULL,70.03692752534718,True
178,138960500000,alt,True,False,,,,0,0.7808487782235434,0.12707835632291842,0.11044657946994632,-0.7123525306610037,0.251532864,certified,87.46427842267951,BAR_FULL,68.29637494455312,True
179,138976500000,alt,True,False,,,,0,0.7601786093187564,0.13075894841990973,0.11388360329597541,-0.7170416120634154,0.267532864,certified,87.46427842267951,BAR_FULL,66.48847353642103,True
