fixture,attempt,label,t_rel_s,range_m,fwd_m,down_m,right_m,v_cmd_vz,source,det_confidence,det_cert,feature_mode,gate_rel_age_s
20260725T233817-raceprep-b1-B-run1,1,FAIL,1.7851648,1.4264433134648178,1.3692361578192274,-0.39944037019385836,-0.019500289954812604,-1.0005851981610976,full_quad_unconfirmed,1.0,certified,,0.934919648
20260725T233817-raceprep-b1-B-run1,1,FAIL,1.8051087,1.3894304605421288,1.3364358384995207,-0.3796021773514567,-0.018932543580509362,-0.9912527733109884,full_quad_unconfirmed,1.0,certified,,0.948713648
20260725T233817-raceprep-b1-B-run1,1,FAIL,1.8250501,1.354004701043043,1.3006921582612616,-0.37575452282973293,-0.018362419702237717,-1.011104238850927,full_quad_unconfirmed,0.6,none,,0.963653648
20260725T233817-raceprep-b1-B-run1,1,FAIL,1.8454162,1.2873893880804677,1.2313583812761277,-0.37527292380603566,-0.0172686438756684,-1.041127188850927,full_quad_unconfirmed,0.6,none,,0.992545648
20260725T233817-raceprep-b1-B-run1,1,FAIL,1.8650444,1.2499380544918832,1.1940773241044746,-0.3691158796291679,-0.016671878479551004,-1.071104388850927,full_quad_unconfirmed,0.6,none,,1.008161648
20260725T233817-raceprep-b1-B-run1,1,FAIL,1.8849204,1.1962886066603902,1.1443478318012397,-0.34831843626134923,-0.015771405698540446,-1.0881832307447372,full_quad_unconfirmed,0.6,none,,1.029434648
20260725T233817-raceprep-b1-B-run1,1,FAIL,1.9050853,1.1682276314843554,1.1197241318649895,-0.3327749541833302,-0.015313306338766553,-1.0827850573804572,full_quad_unconfirmed,0.6,none,,1.040078648
20260725T233817-raceprep-b1-B-run1,1,FAIL,1.9252182,1.0887824552862064,1.0521763938880455,-0.27959226377378155,-0.01415051665703036,-1.0530344323804572,full_quad_unconfirmed,0.6,none,,1.069086648
20260725T233817-raceprep-b1-B-run1,1,FAIL,1.9508725,1.0385179724605251,1.0061335787350592,-0.25697167671799814,-0.01342975167466824,-1.0444732367783325,full_quad_unconfirmed,0.6,none,,1.088636648
20260725T233817-raceprep-b1-B-run1,1,FAIL,1.9649041,1.001374063079431,0.9693304524400658,-0.2509639544392411,-0.012867857349398116,-1.0657252367783325,no_detection,,,,1.104213648
20260725T233817-raceprep-b1-B-run1,1,FAIL,1.9861975,0.9345585701648843,0.9025779161736237,-0.24210000769645948,-0.011849581329583244,-1.0973993867783325,no_detection,,,,1.132352648
20260725T233817-raceprep-b1-B-run1,1,FAIL,2.0048978,0.8997920031136535,0.8695189848685949,-0.23115735405592536,-0.011342904664712548,-1.124212414304377,no_detection,,,,1.146340648
20260725T233817-raceprep-b1-B-run1,1,FAIL,2.0250115,0.8483248190548288,0.8260443845354491,-0.19284946462514307,-0.010712487836852422,-1.094209114304377,no_detection,,,,1.164975648
20260725T233817-raceprep-b1-B-run1,1,FAIL,2.0457634,0.7768139110056167,0.7661723187812727,-0.12776169658021164,-0.009837639560178791,-1.063638364304377,no_detection,,,,1.190777648
20260725T233817-raceprep-b1-B-run1,1,FAIL,2.0656416,0.735144751798989,0.7290516808179727,-0.0939949728145716,-0.009295045974821921,-1.034162764304377,no_detection,,,,1.206690648
20260725T233817-raceprep-b1-B-run1,1,FAIL,2.0849435,0.68514498367472,0.6820116157822008,-0.06488154337401254,-0.00861335719624588,-1.004209414304377,no_detection,,,,1.226800648
20260725T233817-raceprep-b1-B-run1,1,FAIL,2.1056376,0.6227001815071673,0.6206782876337549,-0.049537008623124684,-0.007750102306519332,-0.973904914304377,no_detection,,,,1.253053648
20260725T233817-raceprep-b1-B-run1,1,FAIL,2.1278339,0.57690718281839,0.5749935215321433,-0.04640875104565045,-0.0071116531059125755,-1.007929564304377,no_detection,,,,1.272655648
20260725T233817-raceprep-b1-B-run1,1,FAIL,2.1449991,0.5350028199323876,0.5336293554904086,-0.037743863824781114,-0.006567270214808638,-1.033643314304377,no_detection,,,,1.290457648
20260725T233817-raceprep-b1-B-run1,1,FAIL,2.1649027,0.5017677125883253,0.5012327516504455,-0.02233095783191224,-0.006155842050639122,-1.0635990643043771,no_detection,,,,1.304484648
20260725T233817-raceprep-b1-B-run1,1,FAIL,2.1850764,0.45162393468285605,0.45142374610451813,0.01224485585335924,-0.005553677747100672,-1.033593664304377,no_detection,,,,1.326021648
20260725T233817-raceprep-b1-B-run1,1,FAIL,2.2056113,0.3935077242035859,0.3900647884786246,0.05171066012339588,-0.004878260613573602,-1.003570864304377,full_quad_unconfirmed,1.0,none,,1.352357648
20260725T233817-raceprep-b1-B-run1,1,FAIL,2.2249288,0.36107412582493864,0.35537838880388484,0.06371784119033877,-0.004556514615493912,-0.9735987643043771,full_quad_unconfirmed,1.0,none,,1.367247648
20260725T233817-raceprep-b1-B-run1,1,FAIL,2.2450668,0.327358915087503,0.31857002072988183,0.07522657639545835,-0.004238323164641829,-0.943596064304377,no_detection,,,,1.383082648
20260725T233817-raceprep-b1-B-run1,1,FAIL,2.2649896,0.27303811590552773,0.2533699201648991,0.10168221007553074,-0.003771531125242145,-0.943596064304377,full_quad_unconfirmed,1.0,none,,1.411107648
20260725T233817-raceprep-b1-B-run1,1,FAIL,2.2847751,0.24338654788205996,0.20624712026799477,0.12917801124920472,-0.003489768016059153,-0.943596064304377,full_quad_unconfirmed,1.0,none,,1.431206648
20260725T233817-raceprep-b1-B-run1,1,FAIL,2.3048061,0.23112690168551916,0.17948181393455057,0.1455843522571177,-0.0033345955356660437,-0.943596064304377,full_quad_unconfirmed,1.0,none,,1.442631648
20260725T233817-raceprep-b1-B-run1,1,FAIL,2.3250367,0.19680199057330355,0.11447235700450561,0.16005648751275875,-0.0030039608062986476,-0.943596064304377,full_quad_unconfirmed,1.0,none,,1.470694648
20260725T233817-raceprep-b1-B-run1,1,FAIL,2.3447821,0.17986448991558154,0.06665473532424784,0.16703417462706222,-0.002822321403186176,-0.943596064304377,full_quad_unconfirmed,1.0,none,,1.491564648
20260725T233817-raceprep-b1-B-run1,1,FAIL,2.3647516,0.1773184587817493,0.04882369191814778,0.17044189274045693,-0.00276480221124098,-0.943596064304377,no_detection,,,,1.499390648
20260725T234134-raceprep-b1-B-run2,1,PASS,1.8399996,1.488146693504958,1.268946132684871,-0.7707560769029785,-0.10144635849048111,-1.2,full_quad,1.0,certified,FULL_QUAD,0.022905664
20260725T234134-raceprep-b1-B-run2,1,PASS,1.8599043,1.4504810092296208,1.2222211194736115,-0.7749594198745676,-0.09751200334381785,-1.2,full_quad,1.0,certified,FULL_QUAD,0.013657832
20260725T234134-raceprep-b1-B-run2,1,PASS,1.8843622,1.409581786107533,1.170277123536963,-0.7791790557973652,-0.10125346837951643,-1.2,full_quad,1.0,certified,FULL_QUAD,0.0
20260725T234134-raceprep-b1-B-run2,1,PASS,1.900041,1.3387570330750724,1.1231431913582721,-0.7226476471389987,-0.092736958101911,-1.2,full_quad,1.0,certified,FULL_QUAD,0.020471184
20260725T234134-raceprep-b1-B-run2,1,PASS,1.9222983,1.3466249213532888,1.10841558399746,-0.7587505185439789,-0.09545272426999622,-1.2,full_quad,1.0,certified,FULL_QUAD,0.0
20260725T234134-raceprep-b1-B-run2,1,PASS,1.9399252,1.2879628795612474,1.0594099258810172,-0.727323765895585,-0.08659750363574142,-1.2,full_quad,1.0,certified,FULL_QUAD,0.021312128
20260725T234134-raceprep-b1-B-run2,1,PASS,1.9613557,1.2826143396641752,1.024445930589121,-0.7683260024568155,-0.07269961183037879,-1.2,full_quad,1.0,certified,FULL_QUAD,0.005960872
20260725T234134-raceprep-b1-B-run2,1,PASS,1.9843326,1.2607433748111625,0.9850198759848953,-0.7847363929432967,-0.05829660912338448,-1.2,full_quad,1.0,certified,FULL_QUAD,1.544e-05
20260725T234134-raceprep-b1-B-run2,1,PASS,2.0000939,1.2298336312288227,0.9563892848760616,-0.7713056228646543,-0.05383244758595916,-1.2,full_quad,1.0,certified,FULL_QUAD,0.01381044
20260725T234134-raceprep-b1-B-run2,2,FAIL,1.1397798,1.4742766710552122,1.4214295690473207,-0.3360564963914478,-0.2002391427485926,-0.8958874141626116,full_quad_unconfirmed,0.6,none,,0.028369256
20260725T234134-raceprep-b1-B-run2,2,FAIL,1.1594243,1.4424752073869542,1.376993732505339,-0.37900236467337944,-0.20243564937786565,-0.9257978641626117,close_tracker,0.5,probation,,0.00840512
20260725T234134-raceprep-b1-B-run2,2,FAIL,1.1857096,1.3698782665834808,1.3119068968644285,-0.3376126959170701,-0.20367726130551614,-0.9653366641626117,full_quad_unconfirmed,0.6,none,,0.03866112
20260725T234134-raceprep-b1-B-run2,2,FAIL,1.2000177,1.3564242547062564,1.2867970010705028,-0.3760437000307354,-0.20647366044747104,-0.9866585641626117,close_tracker,0.5,probation,,0.013581368
20260725T234134-raceprep-b1-B-run2,2,FAIL,1.2207033,1.3187787031302127,1.2554400823619798,-0.34798672608958514,-0.20482359701509714,-1.0177069141626116,full_quad_unconfirmed,0.6,none,,0.027502368
20260725T234134-raceprep-b1-B-run2,2,FAIL,1.2394773,1.2996334290446498,1.2296404618142256,-0.3689976382418813,-0.2021685621741585,-1.0458004141626116,close_tracker,0.5,probation,,0.007143936
20260725T234134-raceprep-b1-B-run2,2,FAIL,1.2668124,1.2281376317084447,1.163866712608184,-0.3399423664158476,-0.19538552970125386,-1.0871506141626115,full_quad_unconfirmed,0.6,none,,0.036188936
20260725T234134-raceprep-b1-B-run2,2,FAIL,1.2833339,1.208953549427864,1.1277788626047727,-0.3845559197655459,-0.20445113428247713,-1.1115896641626115,full_quad_unconfirmed,0.6,none,,0.02545796
20260725T234134-raceprep-b1-B-run2,2,FAIL,1.2994945,1.1594864313142492,1.0684640506480945,-0.399067335731368,-0.20865909619948703,-1.1358094141626116,close_tracker,0.5,probation,,0.010082056
20260725T234134-raceprep-b1-B-run2,2,FAIL,1.3197533,1.1122728766904517,1.0085856093758445,-0.425073845415373,-0.19803597331039838,-1.1661824641626115,close_tracker,0.5,probation,,0.037907056
20260725T234134-raceprep-b1-B-run2,2,FAIL,1.3392985,1.07657204581458,0.9810561882546576,-0.39566241996679546,-0.19996843436565503,-1.1957998141626116,close_tracker,0.5,none,,0.022008816
20260725T234134-raceprep-b1-B-run2,2,FAIL,1.3594873,1.0526559191008342,0.9557835085298595,-0.40241862923588523,-0.18061455003483237,-1.2,close_tracker,0.5,probation,,0.0
20260725T234134-raceprep-b1-B-run2,2,FAIL,1.3829607,0.9755940281866146,0.8948475873268119,-0.34987401814340274,-0.16917350477234444,-1.2,close_tracker,1.0,none,,0.027347792
20260725T234134-raceprep-b1-B-run2,2,FAIL,1.3994782,0.9665230894257403,0.8984330683026001,-0.32652288029509485,-0.14271549606559242,-1.2,close_tracker,0.5,probation,FULL_QUAD,0.011488808
20260725T234134-raceprep-b1-B-run2,2,FAIL,1.4195746,0.9611859174759096,0.8935971493328461,-0.32438832488822983,-0.14189685456142304,-1.2,full_quad,1.0,none,FULL_QUAD,0.013700808
20260725T234134-raceprep-b1-B-run2,2,FAIL,1.4445056,0.8890777647271366,0.7483771514501558,-0.47795290789701267,0.04418063775390724,-1.2,full_quad,1.0,certified,FULL_QUAD,0.0
20260725T234134-raceprep-b1-B-run2,2,FAIL,1.4594647,0.8458063665951635,0.6984917519795543,-0.47411268462386247,0.05210416939361857,-1.2,full_quad,1.0,certified,FULL_QUAD,0.006674528
20260725T234134-raceprep-b1-B-run2,2,FAIL,1.479773,0.812304259294747,0.6739189999086265,-0.45117907334377927,0.04592205360382901,-1.2,no_detection,,,,0.020254528
20260725T234134-raceprep-b1-B-run2,2,FAIL,1.4994882,0.7560671676758798,0.6387880045732242,-0.40308859784104256,0.03327205345823722,-1.2,no_detection,,,,0.042278528
20260725T234134-raceprep-b1-B-run2,2,FAIL,1.5194559,0.678926933554764,0.5902586269362824,-0.3339429396395941,0.03191625758506109,-1.2,no_detection,,,,0.070986528
20260725T234407-raceprep-b1-B-run3,1,PASS,1.5266673,1.4412349633858061,1.1985365256959173,-0.7879935793304305,0.14047966113449498,-0.75864705,full_quad,1.0,certified,FULL_QUAD,0.0200042
20260725T234407-raceprep-b1-B-run3,1,PASS,1.5402707,1.4425204842217962,1.1824173239000102,-0.8174821135007522,0.1203229556110009,-0.7790214,full_quad,1.0,certified,FULL_QUAD,0.0
20260725T234407-raceprep-b1-B-run3,1,PASS,1.5598495,1.3855326203203926,1.1318552781884692,-0.7894931708684378,0.12371258772208996,-0.80903355,full_quad,1.0,certified,FULL_QUAD,0.022392056
20260725T234407-raceprep-b1-B-run3,2,FAIL,0.0,1.3630096217976906,0.15655445096973433,-0.7763047907658571,1.1093407072800616,-1.2,no_detection,,,,0.511634568
20260725T234407-raceprep-b1-B-run3,2,FAIL,0.0200044,1.3325363705953144,0.12592562248621408,-0.7650565469537669,1.0837363131887623,-1.2,no_detection,,,,0.540684568
20260725T234407-raceprep-b1-B-run3,2,FAIL,0.0398489,1.3038433252451125,0.10280672914425226,-0.7688888272164832,1.0479733606397414,-1.2,no_detection,,,,0.561807568
20260725T234407-raceprep-b1-B-run3,2,FAIL,0.0599053,1.2873108316562016,0.08910793034005263,-0.7732167092914572,1.0253608508824512,-1.2,no_detection,,,,0.574285568
20260725T234407-raceprep-b1-B-run3,2,FAIL,0.0801835,1.2667615535062637,0.05327296038659625,-0.7785530742073659,0.9978486537423954,-1.2,no_detection,,,,0.601897568
20260725T234407-raceprep-b1-B-run3,2,FAIL,0.0998616,1.257196289809698,0.028292250247171177,-0.7715730587964788,0.9921779450414462,-1.2,no_detection,,,,0.621026568
20260725T234407-raceprep-b1-B-run3,2,FAIL,0.1198501,1.2477446226228346,0.009228761532482622,-0.7543768528492109,0.9938294809121414,-1.2,no_detection,,,,0.636680568
20260725T234407-raceprep-b1-B-run3,2,FAIL,0.1398531,1.228029929458832,-0.01543477728592038,-0.7206062552565533,0.9942564559417881,-1.2,no_detection,,,,0.657634568
20260725T234407-raceprep-b1-B-run3,2,FAIL,0.1600043,1.20191699069196,-0.03976330405540657,-0.6802722719751462,0.9900772536253861,-1.2,no_detection,,,,0.678269568
20260725T234407-raceprep-b1-B-run3,2,FAIL,0.1798485,1.179203709496991,-0.06695698588901706,-0.6529168252177681,0.9796620692257468,-1.2,no_detection,,,,0.701466568
20260725T234407-raceprep-b1-B-run3,2,FAIL,0.1998774,1.1698614664911826,-0.08072304819462281,-0.6430979006585811,0.973901807391071,-1.2,no_detection,,,,0.713120568
20260725T234407-raceprep-b1-B-run3,2,FAIL,0.2201287,1.1486086640966968,-0.11306901408101809,-0.6243012454919386,0.9574785721727453,-1.2,no_detection,,,,0.740782568
20260725T234407-raceprep-b1-B-run3,2,FAIL,0.239846,1.1204686331866234,-0.1314607594349555,-0.5887825009854416,0.9441944679022503,-1.2,no_detection,,,,0.757385568
20260725T234407-raceprep-b1-B-run3,2,FAIL,0.2598759,1.0826062944337134,-0.1532284502509731,-0.5375111735644597,0.927167282141976,-1.2,no_detection,,,,0.777132568
20260725T234407-raceprep-b1-B-run3,2,FAIL,0.2801864,1.0346935078831192,-0.18223196728464033,-0.4682105643421411,0.9045225441046,-1.2,no_detection,,,,0.803474568
20260725T234407-raceprep-b1-B-run3,2,FAIL,0.2998551,1.0198381270932881,-0.19219996785733165,-0.44485924929526205,0.8973456558903278,-1.2,no_detection,,,,0.812507568
20260725T234407-raceprep-b1-B-run3,2,FAIL,0.3201589,0.9750785723375953,-0.22800264134732118,-0.37117198943909874,0.8723671085193375,-1.2,no_detection,,,,0.844965568
20260725T234407-raceprep-b1-B-run3,2,FAIL,0.3402619,0.9555252022713073,-0.24568874408763247,-0.33595635492987486,0.8601155624603571,-1.2,no_detection,,,,0.860906568
20260725T234407-raceprep-b1-B-run3,2,FAIL,0.3598419,0.9390698181570988,-0.2608500360680551,-0.30371753743091895,0.8494498452020574,-1.2,no_detection,,,,0.874432568
20260725T234407-raceprep-b1-B-run3,2,FAIL,0.3801557,0.905653675843204,-0.2904646913418504,-0.22936063444414725,0.8265788183950572,-1.2,no_detection,,,,0.900598568
20260725T234407-raceprep-b1-B-run3,2,FAIL,0.4001858,0.8775503046223343,-0.31342624692665944,-0.17055453768758888,0.8017291778115557,-1.2,no_detection,,,,0.921279568
20260725T234407-raceprep-b1-B-run3,2,FAIL,0.419835,0.8572748660605528,-0.329752779102052,-0.1291191179268034,0.7807122094852983,-1.2,no_detection,,,,0.936219568
20260725T234407-raceprep-b1-B-run3,2,FAIL,0.4398305,0.8320372359473821,-0.351136599169843,-0.09064109047305655,0.7488479441410331,-1.2,no_detection,,,,0.956374568
20260725T234407-raceprep-b1-B-run3,2,FAIL,0.4602898,0.805498437200312,-0.37514211153789034,-0.05856266167422182,0.710398862006879,-1.2,no_detection,,,,0.979348568
20260725T234407-raceprep-b1-B-run3,2,FAIL,0.4798432,0.783161259543205,-0.3957945514526238,-0.019847752562655176,0.6754955945140777,-1.2,no_detection,,,,0.999422568
20260725T234407-raceprep-b1-B-run3,2,FAIL,0.4998912,0.770334383970501,-0.4081730428615559,0.005974496717946226,0.6532795233262076,-1.2,no_detection,,,,1.011668568
20260725T234407-raceprep-b1-B-run3,2,FAIL,0.5199997,0.7443242669457013,-0.43754281446149385,0.07463199275427118,0.597498925132838,-1.2,no_detection,,,,1.041312568
20260725T234407-raceprep-b1-B-run3,2,FAIL,0.5398742,0.7322045975280936,-0.4561946672195033,0.11626925256921664,0.5607953808197425,-1.2,no_detection,,,,1.060260568
20260725T234407-raceprep-b1-B-run3,2,FAIL,0.5598612,0.7247933720725395,-0.4699964421753959,0.14159319578975005,0.5332730477427092,-1.2,no_detection,,,,1.074287568
20260725T234407-raceprep-b1-B-run3,2,FAIL,0.5801219,0.7113040986446592,-0.4972512990709648,0.17228215557434895,0.4785535760931943,-1.2,no_detection,,,,1.101853568
20260725T234407-raceprep-b1-B-run3,2,FAIL,0.5998716,0.7036922707354231,-0.5157827232023575,0.18583651772241647,0.44115278874732533,-1.2,no_detection,,,,1.120433568
20260725T234407-raceprep-b1-B-run3,2,FAIL,0.6198421,0.6997163767024693,-0.5321461854972952,0.1997603707241734,0.40806768969675994,-1.2,no_detection,,,,1.136686568
20260725T234407-raceprep-b1-B-run3,2,FAIL,0.6402015,0.7000730019862321,-0.5531127834566043,0.22361403663058765,0.36628570748621464,-1.2,no_detection,,,,1.157247568
20260725T234407-raceprep-b1-B-run3,2,FAIL,0.659848,0.7085417014210321,-0.5747957049570619,0.25826083689719015,0.3239484223463487,-1.2,no_detection,,,,1.178258568
20260725T234407-raceprep-b1-B-run3,2,FAIL,0.6798424,0.7239480506594691,-0.598020270605673,0.29743801069451686,0.27929046849552774,-1.2,no_detection,,,,1.200646568
20260725T234407-raceprep-b1-B-run3,2,FAIL,0.7003269,0.7420986305761232,-0.6233082934584534,0.32992571477474236,0.23096790153448452,-1.2,no_detection,,,,1.224852568
20260725T234407-raceprep-b1-B-run3,2,FAIL,0.7200564,0.7520353646461727,-0.6400280575755769,0.3409651789925741,0.19915828355631562,-1.2,no_detection,,,,1.240778568
20260725T234407-raceprep-b1-B-run3,2,FAIL,0.7398488,0.7620573062744848,-0.6545543671504087,0.3504721291083968,0.1716368410594855,-1.2,no_detection,,,,1.254524568
20260725T234407-raceprep-b1-B-run3,2,FAIL,0.760001,0.7812757014865032,-0.6767748751018368,0.3681591620185834,0.12971631194994412,-1.2,no_detection,,,,1.275415568
20260725T234407-raceprep-b1-B-run3,2,FAIL,0.7802502,0.8166526306742383,-0.7067132052385543,0.40261058101160513,0.07336678257972526,-1.2,no_detection,,,,1.303613568
20260725T234407-raceprep-b1-B-run3,2,FAIL,0.7998372,0.8445439403396308,-0.7258306963879878,0.4301420546359153,0.03744436110967456,-1.2,no_detection,,,,1.321491568
20260725T234407-raceprep-b1-B-run3,2,FAIL,0.8198695,0.87018075337241,-0.7434428820839306,0.45220379768321367,0.0043531574050311266,-1.2,no_detection,,,,1.337883568
20260725T234407-raceprep-b1-B-run3,2,FAIL,0.8403614,0.9102015509163458,-0.7734271049627874,0.47704708381855193,-0.05199477300285156,-1.2,no_detection,,,,1.365805568
20260725T234407-raceprep-b1-B-run3,2,FAIL,0.8602384,0.9356564692675762,-0.7929106235414489,0.4887690752324345,-0.08860340091558629,-1.2,no_detection,,,,1.384000568
20260725T234407-raceprep-b1-B-run3,2,FAIL,0.8798608,0.9622063134182567,-0.8105441213992775,0.5040102028186639,-0.12179052632169332,-1.2,no_detection,,,,1.400538568
20260725T234407-raceprep-b1-B-run3,2,FAIL,0.8998501,0.9771077440889071,-0.8195626802787231,0.5136095972727941,-0.13878666449679805,-1.2,no_detection,,,,1.409004568
20260725T234407-raceprep-b1-B-run3,2,FAIL,0.9202022,1.046819370307285,-0.8543220709891934,0.5693280829762178,-0.20452414773297806,-1.2,no_detection,,,,1.442134568
20260725T234407-raceprep-b1-B-run3,2,FAIL,0.9398793,1.0763285959909832,-0.8686505453398724,0.5917882523467533,-0.23176742871473285,-1.2,no_detection,,,,1.456140568
20260725T234407-raceprep-b1-B-run3,2,FAIL,0.9602166,1.120815226946078,-0.8910134232808598,0.6221469430756132,-0.27432650930812646,-1.2,no_detection,,,,1.478063568
20260725T234407-raceprep-b1-B-run3,2,FAIL,0.9800674,1.1534773744881086,-0.9105136468724081,0.6358503789325879,-0.3117198227998541,-1.2,no_detection,,,,1.497751568
20260725T234642-raceprep-b1-B-run4,2,FAIL,1.9399663,1.4546766962959035,1.3180790615285303,-0.5846983704246813,-0.19204086525829667,-0.50958195,no_detection,,,,1.199637288
20260725T234642-raceprep-b1-B-run4,2,FAIL,1.9599501,1.430921701674066,1.2974728074226387,-0.5709067034229907,-0.19536316517530802,-0.5395812,no_detection,,,,1.210159288
20260725T234642-raceprep-b1-B-run4,2,FAIL,1.9799275,1.3700298732026095,1.2418105696150321,-0.5432104240139511,-0.19952643409466156,-0.5695774499999999,no_detection,,,,1.238185288
20260725T234642-raceprep-b1-B-run4,2,FAIL,1.9998079,1.3315014676853385,1.1932023572936432,-0.555712970975641,-0.20086658977174324,-0.5995778999999999,no_detection,,,,1.261882288
20260725T234642-raceprep-b1-B-run4,2,FAIL,2.020229,1.3153997773217052,1.1682246045223574,-0.5700967682987627,-0.20128964787559223,-0.6296132999999999,no_detection,,,,1.273960288
20260725T234642-raceprep-b1-B-run4,2,FAIL,2.040213,1.2762689252853223,1.115691982386221,-0.5834329357541226,-0.20904492236211253,-0.6595521,no_detection,,,,1.300561288
20260725T234642-raceprep-b1-B-run4,2,FAIL,2.0600924,1.2354964188393212,1.0766424305493338,-0.5666244806679205,-0.21500971050959444,-0.68966595,no_detection,,,,1.321473288
20260725T234642-raceprep-b1-B-run4,2,FAIL,2.0799276,1.2046174250580781,1.05159009671977,-0.5457861494416723,-0.21766692057382483,-0.7195536,no_detection,,,,1.335082288
20260725T234642-raceprep-b1-B-run4,2,FAIL,2.1003076,1.1412544532454092,0.9957167405609356,-0.5133217441054161,-0.21796946264960568,-0.74963115,no_detection,,,,1.364303288
20260725T234642-raceprep-b1-B-run4,2,FAIL,2.1199574,1.1134763760289228,0.9671468161647196,-0.5069566021226901,-0.21783406418915713,-0.77954955,no_detection,,,,1.378975288
20260725T234642-raceprep-b1-B-run4,2,FAIL,2.1398099,1.0776715754229134,0.929823523065407,-0.49884075305491093,-0.2190026107614887,-0.80955045,no_detection,,,,1.397950288
20260725T234642-raceprep-b1-B-run4,2,FAIL,2.1599596,1.0515472965590407,0.9034999502298957,-0.4908731549669291,-0.2201887884702941,-0.83955285,no_detection,,,,1.411430288
20260725T234642-raceprep-b1-B-run4,2,FAIL,2.1799309,0.990626617332389,0.8507575634717542,-0.45667569006196557,-0.2213593848686864,-0.8695498500000001,no_detection,,,,1.439159288
20260725T234642-raceprep-b1-B-run4,2,FAIL,2.1999757,0.9459569566227894,0.8108065304709614,-0.4345996776457957,-0.22034167585561812,-0.8995542000000001,no_detection,,,,1.460457288
20260725T234642-raceprep-b1-B-run4,2,FAIL,2.2198614,0.9183785953225749,0.784025171525772,-0.42490923901803557,-0.21949012132158383,-0.92959575,no_detection,,,,1.474820288
20260725T234642-raceprep-b1-B-run4,2,FAIL,2.2398902,0.8834306062535889,0.7470291556787332,-0.4175931958652794,-0.21911868792625855,-0.9594530250000001,no_detection,,,,1.494807288
20260725T234851-raceprep-b1-B-run5,1,PASS,2.9000859,1.4819257098918137,1.120345361663195,-0.9699861360419645,0.0075482530760741205,-1.2,full_quad,1.0,certified,FULL_QUAD,0.006150584
20260725T234851-raceprep-b1-B-run5,1,PASS,2.9237402,1.4198880139897905,1.0622818936273635,-0.9421448108918458,-0.0015185693603316612,-1.2,full_quad,1.0,certified,FULL_QUAD,0.0
20260725T234851-raceprep-b1-B-run5,1,PASS,2.9397407,1.3495235019165976,1.000362717912405,-0.9057845827388359,0.006511874444117647,-1.2,full_quad,1.0,certified,FULL_QUAD,0.02077016
20260725T234851-raceprep-b1-B-run5,2,FAIL,0.5595729,1.4587389042462007,0.9484018490169125,-0.5811133160833912,0.9438010581755416,-0.0299973,no_detection,,,,0.0
20260725T234851-raceprep-b1-B-run5,2,FAIL,0.5797545,1.4251811007906567,0.9416350998296691,-0.5623231273964814,0.9100863745901693,-0.0599967,no_detection,,,,0.0
20260725T234851-raceprep-b1-B-run5,2,FAIL,0.5995933,1.3995660349588988,0.9323750333472852,-0.5524060094562101,0.8856124909450451,-0.08999955,no_detection,,,,0.0
20260725T235104-raceprep-b1-B-run6,1,FAIL,1.3799506,1.3799967987141502,1.2945904007377933,-0.47793363826992313,-0.0025092207827775376,-0.870057375,close_tracker,0.6,none,,0.01436488
20260725T235104-raceprep-b1-B-run6,1,FAIL,1.399657,1.3352567490785017,1.253994083565133,-0.4587032614047982,-0.0008615799048218731,-0.900054675,close_tracker,0.6,none,SIDE_PAIR,0.03281888
20260725T235104-raceprep-b1-B-run6,1,FAIL,1.4332146,1.273769423231568,1.196530190217971,-0.4367906892178395,0.004235713544647281,-0.9498967500000001,close_tracker,0.6,none,SIDE_PAIR,0.05604988
20260725T235104-raceprep-b1-B-run6,1,FAIL,1.4395925,1.3164929185267928,1.2336226028547759,-0.45900827511972464,-0.02530378684338988,-0.9600007500000001,close_tracker,0.5,certified,SIDE_PAIR,0.03065848
20260725T235104-raceprep-b1-B-run6,1,FAIL,1.4612247,1.2656423617344457,1.185832362851033,-0.4418844543866717,-0.01975661922685361,-0.9925413000000001,close_tracker,0.6,none,SIDE_PAIR,0.05016248
20260725T235104-raceprep-b1-B-run6,1,FAIL,1.4853105,1.2285190625144464,1.1416488987319857,-0.45314132217998315,-0.023660539266788624,-1.02807675,close_tracker,0.6,none,SIDE_PAIR,0.040191936
20260725T235104-raceprep-b1-B-run6,1,FAIL,1.4997859,1.2027724668011086,1.1203757316900889,-0.43614538347430826,-0.034598138805003606,-1.0502790000000002,close_tracker,0.5,certified,SIDE_PAIR,0.014620168
20260725T235104-raceprep-b1-B-run6,1,FAIL,1.5304027,1.141505599794946,1.0548829228440328,-0.4357432113596275,-0.01961905220056974,-1.0956867000000001,close_tracker,0.5,certified,SIDE_PAIR,0.043440168
20260725T235104-raceprep-b1-B-run6,1,FAIL,1.5397729,1.1215055544815693,1.0413217238932768,-0.4152547521790173,-0.03142080319929618,-1.1100663000000002,close_tracker,0.5,certified,SIDE_PAIR,0.020854464
20260725T235104-raceprep-b1-B-run6,1,FAIL,1.5597194,1.0521880209361925,0.9792218329273459,-0.38308734357108676,-0.0383186705886161,-1.1400057000000001,close_tracker,0.5,certified,SIDE_PAIR,0.010321472
20260725T235104-raceprep-b1-B-run6,1,FAIL,1.5795636,0.9860442195095671,0.9305947324211897,-0.3243280645739008,-0.032984137822799256,-1.1700037500000002,close_tracker,1.0,certified,SIDE_PAIR,0.033331472
20260725T235104-raceprep-b1-B-run6,1,FAIL,1.5998204,0.9478251317476827,0.9018210185072678,-0.2901131281109245,-0.0304253816528303,-1.1785695318889289,close_tracker,1.0,certified,SIDE_PAIR,0.046942472
20260725T235104-raceprep-b1-B-run6,1,FAIL,1.6229707,0.8753086532797193,0.8406394394609612,-0.2425206775121179,-0.02596713900644443,-1.1504779727436507,no_detection,,,,0.075632472
20260725T235104-raceprep-b1-B-run6,1,FAIL,1.6441486,0.8423312872680585,0.8032583781948669,-0.25289970111328064,-0.018431401119559064,-1.1833213727436507,close_tracker,0.5,none,SIDE_PAIR,0.023692328
20260725T235104-raceprep-b1-B-run6,1,FAIL,1.6618315,0.8180566590898852,0.7775886478701255,-0.2535468245960808,-0.016929262301083575,-1.2,close_tracker,0.5,none,SIDE_PAIR,0.035598328
20260725T235104-raceprep-b1-B-run6,1,FAIL,1.6802197,0.732471027668578,0.7024385888538555,-0.2048680464013977,-0.033509980998825746,-1.2,close_tracker,0.5,none,SIDE_PAIR,0.036362392
20260725T235104-raceprep-b1-B-run6,1,FAIL,1.7019562,0.7119721931183549,0.6831939161307308,-0.1998879516555534,-0.013974387953079861,-1.2,close_tracker,0.5,none,SIDE_PAIR,0.010550144
20260725T235104-raceprep-b1-B-run6,1,FAIL,1.7195567,0.673723412950101,0.6507023972407818,-0.17414168706489697,-0.012817964285471,-1.2,close_tracker,1.0,certified,SIDE_PAIR,0.026227144
20260725T235104-raceprep-b1-B-run6,1,FAIL,1.7446401,0.6231531876120054,0.6083589975939909,-0.13442210854712106,-0.01224426441987204,-1.2,close_tracker,1.0,certified,SIDE_PAIR,0.046638144
20260725T235104-raceprep-b1-B-run6,1,FAIL,1.7599715,0.6187484789605412,0.5968693580792065,-0.16255239818278422,-0.01316690727258369,-1.2,close_tracker,0.5,none,SIDE_PAIR,0.006304736
20260725T235104-raceprep-b1-B-run6,1,FAIL,1.7812739,0.5694639812450627,0.550875654980062,-0.1437618029344055,-0.012561158498082006,-1.2,close_tracker,0.5,none,SIDE_PAIR,0.028407736
20260725T235104-raceprep-b1-B-run6,1,FAIL,1.8040157,0.5333900816457406,0.5157621564758975,-0.1354702064594996,-0.011924777029454792,-1.2,no_detection,,,,0.045354736
20260725T235104-raceprep-b1-B-run6,1,FAIL,1.8196944,0.4788261843444356,0.4654585988493844,-0.11181940407815646,-0.01091917774492366,-1.2,no_detection,,,,0.069836736
20260725T235104-raceprep-b1-B-run6,1,FAIL,1.8395685,0.4422675958453499,0.43338117850249425,-0.08760697593973628,-0.010314951347895906,-1.2,no_detection,,,,0.085464736
20260725T235104-raceprep-b1-B-run6,1,FAIL,1.8595489,0.39992130122369424,0.396480928994213,-0.051435955228018686,-0.009708894175955626,-1.2,no_detection,,,,0.103362736
20260725T235104-raceprep-b1-B-run6,1,FAIL,1.8799517,0.3394310709093818,0.33900334758725853,-0.014490028762340585,-0.008956633842504502,-1.2,no_detection,,,,0.131135736
20260726T000452-raceprep-b1-B-run7,1,FAIL,1.3598551,1.4191118247304455,1.365511849347865,-0.3824615317230068,0.0545796402740016,-0.9578596075528183,full_quad,0.6,none,FULL_QUAD,0.00369636
20260726T000452-raceprep-b1-B-run7,1,FAIL,1.3799149,1.3918461767815582,1.3394725873821638,-0.3742482057465202,0.054655722195232785,-0.9278104075528183,close_tracker,0.6,none,SIDE_PAIR,0.01757136
20260726T000452-raceprep-b1-B-run7,1,FAIL,1.399955,1.2403723394397328,1.1735810644937055,-0.39873504708621976,0.04734329661279481,-0.8978626075528183,close_tracker,0.5,certified,SIDE_PAIR,0.012727088
20260726T000452-raceprep-b1-B-run7,1,FAIL,1.41988,1.226246533936148,1.1603328143261027,-0.39387539171896774,0.04658860146765694,-0.8678557075528184,close_tracker,0.5,certified,SIDE_PAIR,0.019754088
20260726T000452-raceprep-b1-B-run7,1,FAIL,1.4430441,1.1637156399559405,1.098095570982357,-0.3833367323252705,0.03838173155525204,-0.8333014075528183,no_detection,,,,0.054382088
20260726T000452-raceprep-b1-B-run7,1,FAIL,1.462082,1.0856057682156564,1.0073307960152902,-0.40200549478415004,0.0470758276152185,-0.8616947575528183,close_tracker,0.5,certified,SIDE_PAIR,0.030931936
20260726T000452-raceprep-b1-B-run7,1,FAIL,1.4798743,1.00426716884149,0.9199239846327372,-0.4016904497726474,0.03061358312542375,-0.8887321075528183,close_tracker,0.5,certified,SIDE_PAIR,0.015670784
20260726T000452-raceprep-b1-B-run7,1,FAIL,1.5012705,0.9675584846077455,0.8895331673958657,-0.3800482671615637,0.02152858254990792,-0.9208996075528183,close_tracker,0.5,certified,SIDE_PAIR,0.036278784
20260726T000452-raceprep-b1-B-run7,1,FAIL,1.5202776,0.8738296058654299,0.7920138480842246,-0.3689626199493943,0.012602761992131763,-0.9487310575528183,close_tracker,0.5,probation,FULL_QUAD,0.026533192
20260726T000452-raceprep-b1-B-run7,1,FAIL,1.5430285,0.8183510202420334,0.6139853645542906,-0.5409912136498116,-0.0069907938044056536,-0.9835721575528182,full_quad,1.0,certified,FULL_QUAD,0.00874408
20260726T000452-raceprep-b1-B-run7,1,FAIL,1.5680484,0.7782448856643694,0.5977772989760396,-0.49826516435221835,-0.007696030451789961,-1.0209401575528183,no_detection,,,,0.02339308
20260726T012436-raceprep-b1-B-run8,1,FAIL,2.7000637,1.4852311831260647,1.2586458599546126,-0.7516237728269274,0.2382938745972692,-1.12129185,full_quad_unconfirmed,0.6,none,,0.004178696
20260726T012436-raceprep-b1-B-run8,1,FAIL,2.7200453,1.4605047008543255,1.2364536882368966,-0.7421917201991822,0.23110107860141343,-1.1513274,full_quad_unconfirmed,0.6,none,,0.018067696
20260726T012436-raceprep-b1-B-run8,1,FAIL,2.7398822,1.4108752231634318,1.2021200620572523,-0.7000075198900507,0.23551162144002954,-1.181291625,full_quad_unconfirmed,0.6,none,,0.010963288
20260726T012436-raceprep-b1-B-run8,1,FAIL,2.760078,1.3757147813218709,1.1784254696830114,-0.6680931996983894,0.2399084168315585,-1.2,full_quad_unconfirmed,0.6,none,,0.0
20260726T012436-raceprep-b1-B-run8,1,FAIL,2.7799319,1.2893687478166014,1.1158284467462072,-0.5979812994947995,0.24457516376894864,-1.2,full_quad_unconfirmed,0.6,none,,0.02573336
20260726T012436-raceprep-b1-B-run8,1,FAIL,2.7999766,1.2815560663424055,1.135753794077502,-0.5923157556983105,-0.0401412003945902,-1.2,full_quad_unconfirmed,0.6,none,,0.005701976
20260726T012436-raceprep-b1-B-run8,1,FAIL,2.8198232,1.2368753146819245,1.0963760186681124,-0.5713328264732582,-0.03740282279516395,-1.2,full_quad_unconfirmed,0.6,none,,0.026730976
20260726T012436-raceprep-b1-B-run8,1,FAIL,2.8399203,1.2834666490066244,1.1328449327157681,-0.5857696469698256,-0.1443014837808205,-1.2,full_quad_unconfirmed,0.6,none,,0.008668424
20260726T012436-raceprep-b1-B-run8,1,FAIL,2.8599514,1.211384621113623,1.0741774545738985,-0.5565789064742906,-0.06176906364531725,-1.2,close_tracker,0.6,none,,0.036582424
20260726T012436-raceprep-b1-B-run8,1,FAIL,2.8798584,1.304006757584845,1.146545587239232,-0.6166431628742559,-0.07495365160963907,-1.2,close_tracker,0.6,none,,0.018710264
20260726T012436-raceprep-b1-B-run8,1,FAIL,2.8998705,1.3492229129151636,1.1802952213043658,-0.6447221057057244,-0.10788450174021161,-1.2,full_quad,0.6,none,FULL_QUAD,0.005503344
20260726T012436-raceprep-b1-B-run8,1,FAIL,2.9202068,1.2795432794058417,1.123356221064498,-0.607365813552232,-0.08005356329596959,-1.2,full_quad,0.6,none,FULL_QUAD,0.036327344
20260726T012436-raceprep-b1-B-run8,1,FAIL,2.9399975,1.257699816389925,1.1423997099105694,-0.5081730366996051,0.13598490987973402,-1.2,full_quad,1.0,certified,FULL_QUAD,0.012376424
20260726T012436-raceprep-b1-B-run8,1,FAIL,2.959822,1.2276722054236895,1.1173024171981607,-0.489132157285692,0.13987167405181858,-1.2,full_quad,1.0,certified,FULL_QUAD,0.026203424
20260726T012436-raceprep-b1-B-run8,1,FAIL,2.9800548,1.3159757196197934,1.1469495913201593,-0.6433232165600823,-0.04933526765045725,-1.2,full_quad,1.0,certified,FULL_QUAD,0.025392992
20260726T012436-raceprep-b1-B-run8,1,FAIL,3.0052714,1.3159757196197934,1.1469495913201593,-0.6433232165600823,-0.04933526765045725,-1.2,no_detection,,,,0.025392992
20260726T012436-raceprep-b1-B-run8,1,FAIL,3.0198357,1.2468905856884316,1.02380055219375,-0.7012147368551186,-0.12192807233537006,-1.2,close_tracker,0.5,none,SIDE_PAIR,0.024371264
20260726T012436-raceprep-b1-B-run8,1,FAIL,3.039825,1.2493245165515299,0.9905236686686871,-0.7491713741014908,-0.13570873844643483,-1.2,close_tracker,0.5,none,SIDE_PAIR,0.003227376
20260726T012436-raceprep-b1-B-run8,1,FAIL,3.061178,1.188082166653351,0.9470124345070586,-0.7066044186547119,-0.1241647258538882,-1.2,close_tracker,0.5,none,SIDE_PAIR,0.030767376
20260726T012436-raceprep-b1-B-run8,1,FAIL,3.0798831,1.218590823098641,0.9577627268985012,-0.7463260014604314,-0.10320684399910036,-1.2,close_tracker,0.5,none,SIDE_PAIR,0.016086496
20260726T012436-raceprep-b1-B-run8,1,FAIL,3.1010123,1.1626030673882752,0.924066938804937,-0.6975328707674142,-0.10580207515577873,-1.2,close_tracker,0.5,none,SIDE_PAIR,0.044598496
20260726T012436-raceprep-b1-B-run8,1,FAIL,3.1199325,1.1503751852457307,0.9186728770380421,-0.6887773153620896,-0.07063300691877586,-1.2,close_tracker,0.5,none,SIDE_PAIR,0.021963752
20260726T012436-raceprep-b1-B-run8,1,FAIL,3.1399295,1.1148934465646985,0.8977519827330003,-0.6596129952311595,-0.04403942794879439,-1.2,close_tracker,0.5,none,SIDE_PAIR,0.00740636
20260726T012436-raceprep-b1-B-run8,1,FAIL,3.1598462,1.077555167357433,0.8719360634575591,-0.6308234048135392,-0.053985848889266136,-1.2,close_tracker,0.5,none,SIDE_PAIR,0.02146736
20260726T012436-raceprep-b1-B-run8,1,FAIL,3.1800264,1.021108464807878,0.8370202025170861,-0.58456799726645,-0.01843730057382383,-1.2,close_tracker,0.5,none,SIDE_PAIR,0.013562184
20260726T012436-raceprep-b1-B-run8,1,FAIL,3.2018931,0.9775496062384074,0.7977076397209423,-0.5643421026507793,-0.02799545254868832,-1.2,close_tracker,0.5,none,SIDE_PAIR,0.034290184
20260726T012436-raceprep-b1-B-run8,1,FAIL,3.2198488,0.9648653274832844,0.7967773303862344,-0.5434400079553047,0.02799899490248477,-1.2,close_tracker,0.5,none,SIDE_PAIR,0.013114752
20260726T012436-raceprep-b1-B-run8,1,FAIL,3.2399376,0.905794228819269,0.7569773767351622,-0.48624281305101164,0.10495886255903084,-1.2,close_tracker,0.5,none,SIDE_PAIR,0.012467024
20260726T012436-raceprep-b1-B-run8,1,FAIL,3.2636231,0.8551033845229009,0.7172801006555014,-0.45691119249873663,0.08912473054958668,-1.2,close_tracker,0.5,none,SIDE_PAIR,0.033016024
20260726T012436-raceprep-b1-B-run8,1,FAIL,3.2798298,0.8741152432508367,0.7350760752862691,-0.44415334558113023,0.1626912033095024,-1.2,close_tracker,0.5,none,SIDE_PAIR,0.011946808
20260726T012436-raceprep-b1-B-run8,1,FAIL,3.3004133,0.8546969934039342,0.7216570505027644,-0.4293082962976197,0.1594127934747099,-1.2,close_tracker,0.5,none,SIDE_PAIR,0.018808808
20260726T012436-raceprep-b1-B-run8,1,FAIL,3.3199687,0.7980111517642571,0.685929778354635,-0.36110567708764507,0.1895384591093608,-1.2,close_tracker,0.5,none,SIDE_PAIR,0.017679808
20260726T012436-raceprep-b1-B-run8,1,FAIL,3.3399418,0.8112254937821064,0.7023277891073709,-0.3678265298160961,0.17183166871395722,-1.2,close_tracker,0.5,none,SIDE_PAIR,0.0
